egt,n1a,n2a,nf,ff,mn,t2,tat,oat,alt,p2e,wai,nai,prv,hpv,xf,acnum,reportts,pos,Predict
802.4,78.0,87.79,78.0,2775.0,0.257,3.1,2.0,1.6,1418.0,14.755,0.0,0.0,1.0,0.0,0.0,VQ-BGU,2018-12-24 10:53:22,2,45.51913454400999
854.0,82.66,90.35,82.71,3179.0,0.254,10.6,10.2,9.0,2005.0,14.471,0.0,0.0,1.0,0.0,0.0,VQ-BGU,2018-12-25 15:23:23,2,44.55384554768353
852.8,86.03,89.72,86.22,3655.0,0.262,-8.6,-7.2,-9.9,1739.0,14.57,0.0,0.0,1.0,0.0,0.0,VQ-BGU,2018-12-25 20:49:27,2,43.9679953075414
824.8,83.75,88.91,83.92,3308.0,0.25,-7.5,-6.2,-8.3,1672.0,14.511,0.0,1.0,0.0,0.0,0.0,VQ-BGU,2018-12-26 11:42:26,2,46.40392545261429
786.5,78.15,87.84,78.17,2738.0,0.22,4.3,5.2,2.6,934.0,14.875,0.0,0.0,0.0,0.0,0.0,VQ-BGU,2018-12-26 15:19:13,2,47.49993131440026
874.5,87.47,90.29,87.66,3702.0,0.303,-8.7,-5.0,-10.1,3331.0,13.902,0.0,1.0,1.0,0.0,0.0,VQ-BGU,2018-12-26 20:07:26,2,46.69907485539452
750.8,82.55,85.39,82.73,3582.0,0.269,-36.1,-18.0,-36.8,2610.0,14.153,0.0,0.0,1.0,0.0,0.0,VQ-BGU,2018-12-27 03:36:03,2,41.99991933093389
850.9,85.73,89.78,85.92,3593.0,0.279,-7.3,-6.2,-8.6,1942.0,14.532,0.0,1.0,1.0,0.0,0.0,VQ-BGU,2018-12-27 12:12:42,2,46.05340030503165
791.6,78.25,87.97,78.26,2673.0,0.272,3.5,3.0,1.7,3404.0,13.749,0.0,0.0,1.0,0.0,0.0,VQ-BGU,2018-12-27 15:45:47,2,46.0100222532412
870.7,87.39,90.34,87.58,3801.0,0.275,-8.0,-7.2,-9.6,2407.0,14.312,0.0,1.0,1.0,0.0,0.0,VQ-BGU,2018-12-27 20:24:54,2,46.565608721779924
782.5,77.53,87.63,77.53,2704.0,0.288,2.8,8.2,1.0,3284.0,13.843,0.0,0.0,1.0,0.0,0.0,VQ-BGU,2018-12-28 01:55:57,2,44.79948928385311
832.3,83.85,89.12,84.02,3301.0,0.288,-5.0,-4.5,-7.2,2428.0,14.27,0.0,1.0,1.0,0.0,0.0,VQ-BGU,2018-12-28 20:02:32,2,46.473344269623944
799.4,78.96,88.25,78.98,2765.0,0.267,4.3,9.0,2.4,3213.0,13.901,0.0,0.0,1.0,0.0,0.0,VQ-BGU,2018-12-29 01:10:58,2,46.088075472943075
802.8,81.45,87.82,81.56,3164.0,0.26,-8.0,-5.7,10.649999999999999,1463.0,14.77,0.0,1.0,0.0,0.0,0.0,VQ-BGU,2018-12-29 11:32:42,2,46.55298183160246
857.3,83.74,90.37,83.85,3356.0,0.264,6.9,9.0,10.649999999999999,1077.0,15.016,0.0,0.0,1.0,0.0,0.0,VQ-BGU,2018-12-29 14:42:27,2,45.98326646408805
853.2,86.49,89.67,86.67,3776.0,0.273,-10.5,-3.2,-12.0,2455.0,14.141,0.0,0.0,1.0,0.0,0.0,VQ-BGU,2018-12-30 01:23:54,2,43.58938695406873
839.5,84.42,89.46,84.6,3441.0,0.264,-6.3,-2.7,-6.3,1281.0,14.787,0.0,0.0,1.0,0.0,0.0,VQ-BGU,2018-12-30 07:12:25,2,46.1161254315899
865.9,82.63,90.25,82.69,3204.0,0.259,10.2,8.7,8.5,1859.0,14.599,0.0,0.0,1.0,0.0,0.0,VQ-BGU,2018-12-30 10:38:54,2,43.108212070415824
866.1,85.0,90.81,85.15,3435.0,0.233,6.5,6.7,4.7,1797.0,14.569,0.0,0.0,1.0,0.0,0.0,VQ-BGU,2018-12-30 17:35:32,2,43.32498574959096
863.1,86.04,90.38,86.24,3614.0,0.282,-2.2,-1.0,-3.6,1481.0,14.842,0.0,1.0,1.0,0.0,0.0,VQ-BGU,2018-12-30 20:54:08,2,42.761146328181184
779.3,81.15,86.95,81.28,3187.0,0.266,-15.2,-11.2,-17.4,1964.0,14.446,0.0,0.0,1.0,0.0,0.0,VQ-BGU,2018-12-31 01:07:41,2,43.827121822150716
847.5,84.77,89.59,84.95,3444.0,0.281,-4.4,-4.2,-6.3,1873.0,14.55,0.0,1.0,1.0,0.0,0.0,VQ-BGU,2019-01-01 11:27:20,2,42.32753250569396
841.5,82.57,89.8,82.64,3264.0,0.272,5.8,6.5,4.1,1728.0,14.77,0.0,0.0,1.0,0.0,0.0,VQ-BGU,2019-01-01 14:45:47,2,42.58450020506483
831.3,83.51,89.17,83.66,3306.0,0.267,-3.3,-2.0,-4.6,1474.0,14.742,0.0,1.0,0.0,0.0,0.0,VQ-BGU,2019-01-02 09:45:54,2,42.938641557891195
843.5,84.29,89.6,84.46,3334.0,0.297,-3.1,-1.2,-4.5,2119.0,14.617,0.0,1.0,1.0,0.0,0.0,VQ-BGU,2019-01-02 20:10:43,2,41.536290436782906
807.0,80.02,88.6,80.04,2845.0,0.272,3.7,4.2,1.8,2972.0,13.968,0.0,0.0,1.0,0.0,0.0,VQ-BGU,2019-01-03 01:12:38,2,43.06267276509635
848.0,84.31,89.63,84.47,3392.0,0.278,-2.7,-1.7,-4.1,1536.0,14.687,0.0,1.0,1.0,0.0,0.0,VQ-BGU,2019-01-03 11:30:21,2,42.151799146802546
794.1,78.92,88.09,78.92,2746.0,0.264,2.1,5.5,0.6,3144.0,13.863,0.0,1.0,1.0,0.0,0.0,VQ-BGU,2019-01-04 01:04:53,2,42.565070488204704
901.0,88.76,91.2,88.96,4000.0,0.288,-3.6,-4.7,-5.1,2580.0,14.812,0.0,1.0,0.0,0.0,0.0,VQ-BGU,2019-01-04 11:48:00,2,40.38054538262103
852.5,83.19,90.22,83.28,3113.0,0.271,7.6,12.5,5.8,3165.0,13.949,0.0,0.0,1.0,0.0,0.0,VQ-BGU,2019-01-04 15:40:47,2,43.53473920353364
888.6,88.53,90.97,88.73,3953.0,0.282,-4.2,-3.0,-6.6,1811.0,14.638,0.0,1.0,0.0,0.0,0.0,VQ-BGU,2019-01-04 20:04:15,2,40.772972855864815
820.1,81.22,88.98,81.28,2953.0,0.309,3.0,5.0,1.2,2804.0,14.192,0.0,0.0,1.0,0.0,0.0,VQ-BGU,2019-01-05 01:06:24,2,43.59996008794733
816.8,81.71,88.35,81.81,3144.0,0.261,-5.2,-6.2,-6.6,2436.0,14.235,0.0,1.0,1.0,0.0,0.0,VQ-BGU,2019-01-05 11:31:54,2,41.44210932141547
882.3,87.12,91.17,87.32,3492.0,0.288,2.8,1.7,1.2,3265.0,13.942,0.0,1.0,0.0,0.0,0.0,VQ-BGU,2019-01-05 16:07:26,2,42.997765474013946
798.6,80.62,87.75,80.7,3063.0,0.264,-6.9,-6.0,-8.3,1790.0,14.585,0.0,0.0,1.0,0.0,0.0,VQ-BGU,2019-01-05 20:32:11,2,41.75022474782429
789.2,79.38,86.95,79.43,3109.0,0.272,-10.0,-9.5,-11.6,1624.0,14.843,0.0,1.0,1.0,0.0,0.0,VQ-BGU,2019-01-06 02:02:15,2,42.07124316171575
828.0,83.75,88.92,83.92,3335.0,0.233,-6.8,-8.0,-8.2,2155.0,14.267,0.0,1.0,0.0,0.0,0.0,VQ-BGU,2019-01-06 09:53:57,2,42.96177539656469
885.0,87.4,91.19,87.6,3463.0,0.263,1.7,0.5,-0.1,4245.0,13.323,0.0,1.0,0.0,0.0,1.0,VQ-BGU,2019-01-06 14:28:50,2,42.87209197871575
831.7,84.02,88.83,84.21,3404.0,0.264,-9.5,-9.7,-10.4,2039.0,14.558,0.0,1.0,0.0,0.0,1.0,VQ-BGU,2019-01-06 20:03:55,2,42.30909383560276
850.5,84.6,90.06,84.75,3236.0,0.272,1.4,6.0,0.0,3049.0,13.939,0.0,0.0,0.0,0.0,0.0,VQ-BGU,2019-01-07 01:18:12,2,40.95201518749505
807.6,82.07,87.9,82.2,3228.0,0.262,-10.9,-12.2,-12.5,2035.0,14.445,0.0,1.0,1.0,0.0,0.0,VQ-BGU,2019-01-07 11:10:09,2,41.977909851972996
874.2,85.52,90.9,85.67,3466.0,0.268,5.4,6.7,3.7,1813.0,14.61,0.0,0.0,1.0,0.0,0.0,VQ-BGU,2019-01-07 14:31:17,2,39.37818309028907
820.5,82.95,88.17,83.1,3288.0,0.281,-12.0,-12.2,-13.0,2174.0,14.461,0.0,1.0,1.0,0.0,0.0,VQ-BGU,2019-01-07 19:14:37,2,41.505821110225575
865.1,87.24,89.97,87.43,3693.0,0.286,-10.3,1.5,-11.9,3400.0,13.713,0.0,0.0,1.0,0.0,0.0,VQ-BGU,2019-01-08 01:56:00,2,41.099854562157596
805.1,81.16,87.78,81.26,3145.0,0.289,-8.6,-8.0,-10.3,1964.0,14.521,0.0,1.0,1.0,0.0,0.0,VQ-BGU,2019-01-08 11:26:35,2,40.92112517156173
873.4,85.28,90.9,85.43,3406.0,0.264,6.9,8.0,5.3,1986.0,14.483,0.0,0.0,0.0,0.0,0.0,VQ-BGU,2019-01-08 14:52:43,2,40.66067254782536
832.5,83.64,88.63,83.82,3341.0,0.273,-9.8,-4.5,-11.1,2487.0,14.222,0.0,0.0,1.0,0.0,0.0,VQ-BGU,2019-01-08 19:13:23,2,39.747024436375625
836.5,85.72,88.5,85.91,3726.0,0.278,-18.5,1.0,-20.1,3295.0,13.882,0.0,0.0,1.0,0.0,0.0,VQ-BGU,2019-01-09 02:08:49,2,39.96124212100317
808.2,82.35,88.07,82.49,3249.0,0.245,-10.4,-5.0,-11.7,2243.0,14.231,0.0,0.0,1.0,0.0,0.0,VQ-BGU,2019-01-09 09:37:14,2,39.898771659234136
891.0,86.8,91.4,87.0,3238.0,0.289,5.4,4.7,3.5,4848.0,13.038,0.0,0.0,1.0,0.0,0.0,VQ-BGU,2019-01-09 13:25:46,2,39.421836481297625
772.5,79.37,86.41,79.44,3094.0,0.298,-14.9,-1.2,-16.2,2327.0,14.457,0.0,0.0,1.0,0.0,0.0,VQ-BGU,2019-01-09 19:05:12,2,39.98540320982547
844.0,86.82,88.78,87.01,3754.0,0.273,-19.0,-2.2,-20.2,3306.0,13.784,0.0,0.0,0.0,0.0,0.0,VQ-BGU,2019-01-10 01:47:58,2,39.21567938856266
792.5,80.36,87.51,80.43,3045.0,0.263,-7.6,-6.2,-8.9,1678.0,14.688,0.0,1.0,0.0,0.0,0.0,VQ-BGU,2019-01-10 10:26:05,2,40.093810877844824
868.8,85.28,90.54,85.44,3185.0,0.28,3.7,5.2,1.9,3474.0,13.801,0.0,0.0,0.0,0.0,0.0,VQ-BGU,2019-01-10 14:06:51,2,39.90074383376693
858.2,86.32,89.34,86.5,3785.0,0.273,-12.2,-6.2,-13.2,1683.0,14.57,0.0,1.0,0.0,0.0,0.0,VQ-BGU,2019-01-10 20:06:52,2,39.642057891842256
882.0,85.63,90.72,85.82,3394.0,0.278,2.8,4.7,1.3,2376.0,14.245,0.0,1.0,1.0,0.0,0.0,VQ-BGU,2019-01-11 01:27:02,2,39.279112741861994
802.5,81.62,87.67,81.74,3138.0,0.256,-11.2,-8.2,-11.7,2492.0,14.097,0.0,1.0,0.0,0.0,0.0,VQ-BGU,2019-01-11 11:26:49,2,39.18205916303052
888.4,84.65,91.33,84.76,3444.0,0.251,13.4,14.5,11.5,681.0,15.096,0.0,0.0,1.0,0.0,0.0,VQ-BGU,2019-01-11 14:39:32,2,38.868636258333574
850.8,85.57,89.4,85.76,3498.0,0.254,-9.6,-9.7,-10.9,2863.0,13.91,0.0,0.0,1.0,0.0,0.0,VQ-BGU,2019-01-12 09:52:40,2,38.06311289394724
862.4,85.0,90.3,85.17,3122.0,0.295,1.7,1.2,0.0,4478.0,13.426,0.0,0.0,1.0,0.0,0.0,VQ-BGU,2019-01-12 13:26:40,2,38.46293256628379
813.0,81.45,87.72,81.57,3099.0,0.261,-10.2,-6.7,-11.6,2882.0,14.086,0.0,1.0,1.0,0.0,0.0,VQ-BGU,2019-01-12 20:44:29,2,38.911777723056
767.6,79.04,86.03,79.11,3136.0,0.299,-17.2,-7.2,-18.9,2098.0,14.505,0.0,0.0,1.0,0.0,0.0,VQ-BGU,2019-01-13 01:58:58,2,38.05731646393931
840.6,84.1,89.28,84.26,3313.0,0.249,-5.4,-3.5,-6.5,2748.0,13.95,0.0,0.0,1.0,0.0,0.0,VQ-BGU,2019-01-13 10:47:38,2,37.810048108205116
808.8,81.83,87.44,81.97,3311.0,0.286,-14.0,-3.5,-15.4,1802.0,14.744,0.0,0.0,1.0,0.0,0.0,VQ-BGU,2019-01-13 16:58:10,2,37.7521159007743
735.9,76.56,84.96,76.58,2865.0,0.269,-18.4,-8.0,-19.8,1684.0,14.683,0.0,0.0,1.0,0.0,0.0,VQ-BGU,2019-01-13 23:18:52,2,38.96292788021332
776.6,78.14,86.68,78.17,2903.0,0.258,-7.9,0.5,-9.7,2307.0,14.262,0.0,0.0,1.0,0.0,0.0,VQ-BGU,2019-01-14 07:59:43,2,38.07789554800187
816.2,82.73,88.13,82.88,3396.0,0.278,-10.8,3.7,-12.3,1983.0,14.541,0.0,0.0,1.0,0.0,0.0,VQ-BGU,2019-01-14 16:54:33,2,37.924394796321586
765.6,77.56,86.07,77.57,2824.0,0.256,-12.0,-11.2,-13.5,1886.0,14.552,0.0,1.0,1.0,0.0,0.0,VQ-BGU,2019-01-14 23:35:55,2,38.10494699200031
814.8,81.61,88.19,81.72,3197.0,0.298,-6.6,-4.5,-8.3,1778.0,14.784,0.0,0.0,1.0,0.0,0.0,VQ-BGU,2019-01-15 06:13:22,2,38.29173528597681
809.7,80.96,88.42,81.02,3029.0,0.266,-1.9,-2.7,-3.5,2742.0,14.278,0.0,1.0,1.0,0.0,0.0,VQ-BGU,2019-01-15 12:10:15,2,38.98615483812418
838.0,83.73,89.0,83.89,3331.0,0.279,-6.3,-4.0,-7.6,2117.0,14.421,0.0,0.0,1.0,0.0,0.0,VQ-BGU,2019-01-15 17:56:51,2,38.28361292813768
751.7,77.85,85.6,77.89,2911.0,0.276,-17.4,-17.0,-18.6,1597.0,14.959,0.0,0.0,1.0,0.0,0.0,VQ-BGU,2019-01-16 00:23:12,2,40.4665377801631
782.8,79.78,86.78,79.85,3117.0,0.269,-12.9,-6.2,-14.2,2069.0,14.496,0.0,0.0,1.0,0.0,0.0,VQ-BGU,2019-01-16 10:57:30,2,39.323498843852136
779.8,79.43,86.41,79.5,3144.0,0.273,-15.0,-7.5,-16.3,1864.0,14.576,0.0,0.0,1.0,0.0,0.0,VQ-BGU,2019-01-17 06:16:28,2,38.57440253073437
793.1,81.6,87.02,81.75,3340.0,0.286,-17.3,-7.0,-18.8,1352.0,14.829,0.0,0.0,1.0,0.0,0.0,VQ-BGU,2019-01-17 17:29:41,2,37.78614718811538
714.3,75.24,84.0,75.25,2713.0,0.264,-22.7,-17.0,-24.2,2138.0,14.433,0.0,0.0,1.0,0.0,0.0,VQ-BGU,2019-01-17 23:38:41,2,38.37961096554151
778.7,78.5,86.64,78.52,2958.0,0.256,-9.5,-3.0,-10.9,1593.0,14.691,0.0,0.0,1.0,0.0,0.0,VQ-BGU,2019-01-18 07:53:04,2,38.570386158369125
937.6,89.72,92.42,89.92,3615.0,0.288,4.4,6.7,2.4,4609.0,13.251,0.0,0.0,1.0,0.0,0.0,VQ-BGU,2019-01-18 11:57:43,2,38.45719712548178
792.8,79.25,87.56,79.26,2960.0,0.279,-3.6,-1.0,-5.4,1932.0,14.696,0.0,0.0,1.0,0.0,0.0,VQ-BGU,2019-01-19 07:57:47,2,38.846978973230144
804.5,80.96,87.73,81.06,3194.0,0.257,-7.7,-0.2,-9.7,2308.0,14.328,0.0,0.0,1.0,0.0,0.0,VQ-BGU,2019-01-19 17:04:09,2,38.27583833899622
762.4,78.64,85.66,78.71,2966.0,0.27,-19.1,-17.2,-20.7,2603.0,14.324,0.0,0.0,1.0,0.0,0.0,VQ-BGU,2019-01-19 22:29:14,2,38.39825324546683
795.3,79.5,87.84,79.53,2935.0,0.272,-0.3,-0.2,-2.6,1266.0,14.905,0.0,1.0,0.0,0.0,0.0,VQ-BGU,2019-01-20 05:16:36,2,38.90732480508331
702.6,75.54,83.6,75.56,2779.0,0.253,-27.6,-13.5,-28.9,2410.0,14.213,0.0,0.0,1.0,0.0,0.0,VQ-BGU,2019-01-20 22:57:42,2,38.91382985758511
785.2,77.77,87.04,77.78,2807.0,0.27,-3.3,0.5,-5.1,2037.0,14.555,0.0,0.0,1.0,0.0,0.0,VQ-BGU,2019-01-21 07:57:26,2,38.83724256549173
823.6,81.88,88.55,81.99,3198.0,0.274,-3.7,-3.7,-5.3,2130.0,14.509,0.0,1.0,1.0,0.0,0.0,VQ-BGU,2019-01-21 17:28:40,2,39.16549268198342
783.8,77.96,87.16,77.97,2839.0,0.263,-3.1,-4.5,-4.3,1764.0,15.166,0.0,1.0,1.0,0.0,0.0,VQ-BGU,2019-01-22 08:46:56,2,39.23702001855282
817.0,81.1,88.75,81.15,2893.0,0.263,0.8,2.0,-0.8,2571.0,14.167,0.0,0.0,1.0,0.0,0.0,VQ-BGU,2019-01-22 12:15:25,2,39.379129629409334
722.5,74.34,84.27,74.35,2575.0,0.27,-16.6,-15.2,-18.3,2601.0,14.251,0.0,0.0,1.0,0.0,0.0,VQ-BGU,2019-01-22 22:24:32,2,40.0516806456535
774.5,77.75,86.28,77.76,2857.0,0.259,-10.3,-9.2,-11.9,1690.0,14.681,0.0,0.0,1.0,0.0,0.0,VQ-BGU,2019-01-23 08:02:25,2,39.43219824490691
898.8,86.51,91.59,86.69,3300.0,0.262,8.2,7.7,6.6,4035.0,13.581,0.0,0.0,1.0,0.0,0.0,VQ-BGU,2019-01-24 11:14:25,2,39.68291048693632
844.3,84.89,88.98,85.09,3648.0,0.27,-10.4,-8.7,-11.5,841.0,15.133,0.0,1.0,0.0,0.0,0.0,VQ-BGU,2019-01-24 16:31:32,2,39.42316414375114
752.9,77.06,85.77,77.08,2821.0,0.287,-13.0,-8.5,-14.4,1857.0,14.647,0.0,0.0,1.0,0.0,0.0,VQ-BGU,2019-01-24 22:50:08,2,39.14189786269995
755.4,78.21,85.71,78.27,2972.0,0.275,-16.9,-18.2,-18.6,1687.0,14.779,0.0,0.0,1.0,0.0,0.0,VQ-BGU,2019-01-25 07:59:49,2,40.004939737172464
776.1,80.98,86.51,81.12,3206.0,0.269,-20.1,-18.2,-21.0,1820.0,14.594,0.0,0.0,1.0,0.0,0.0,VQ-BGU,2019-01-25 16:57:16,2,39.77637141047314
748.1,77.0,85.48,77.02,2790.0,0.225,-15.6,-12.5,-16.6,1835.0,14.37,0.0,0.0,1.0,0.0,0.0,VQ-BGU,2019-01-26 08:00:23,2,39.13080290023367
824.1,82.65,88.49,82.79,3258.0,0.27,-7.2,-9.0,-8.8,2829.0,14.583,0.0,1.0,1.0,0.0,0.0,VQ-BGU,2019-01-26 17:08:49,2,39.246041815573285
752.0,78.05,85.48,78.1,2942.0,0.266,-19.0,-8.2,-20.3,2426.0,14.236,0.0,0.0,1.0,0.0,0.0,VQ-BGU,2019-01-26 22:38:45,2,38.40680458957262
713.6,74.49,84.0,74.49,2613.0,0.274,-20.1,-20.2,-21.5,1909.0,14.605,0.0,0.0,1.0,0.0,0.0,VQ-BGU,2019-01-27 07:55:41,2,39.76619212558726
946.3,90.36,92.83,90.57,3722.0,0.29,5.4,7.0,3.8,4408.0,13.363,0.0,0.0,1.0,0.0,0.0,VQ-BGU,2019-01-27 12:08:10,2,37.90555799991453
733.0,77.88,84.74,77.95,3048.0,0.279,-25.2,-22.5,-26.4,1561.0,14.789,0.0,0.0,1.0,0.0,0.0,VQ-BGU,2019-01-27 17:09:31,2,39.64134562811409
713.6,73.8,83.79,73.78,2642.0,0.261,-19.8,-12.7,-21.4,1303.0,14.948,0.0,1.0,1.0,0.0,0.0,VQ-BGU,2019-01-28 08:07:35,2,38.98547786573978
923.1,88.4,91.94,88.6,3501.0,0.278,4.6,6.5,2.7,4309.0,13.341,0.0,0.0,1.0,0.0,0.0,VQ-BGU,2019-01-28 11:57:00,2,38.884832009146336
736.8,77.71,84.88,77.77,3116.0,0.268,-23.1,-13.7,-24.3,1265.0,14.933,0.0,0.0,1.0,0.0,0.0,VQ-BGU,2019-01-28 17:05:32,2,39.72489300291652
775.7,80.06,86.1,80.17,3230.0,0.293,-20.3,-8.2,-21.7,1736.0,14.859,0.0,0.0,1.0,0.0,0.0,VQ-BGU,2019-01-29 16:40:58,2,38.800377237370185
759.0,77.83,85.93,77.85,2888.0,0.271,-13.6,-9.0,-15.2,1875.0,14.682,0.0,0.0,1.0,0.0,0.0,VQ-BGU,2019-01-30 08:35:11,2,38.25639424482552
783.8,79.87,86.91,79.96,3087.0,0.282,-11.9,-12.0,-13.2,2030.0,14.67,0.0,0.0,1.0,0.0,0.0,VQ-BGU,2019-01-30 16:57:27,2,37.70510812149372
726.0,75.95,84.53,75.96,2728.0,0.253,-21.0,-21.0,-22.0,1801.0,14.528,0.0,0.0,1.0,0.0,0.0,VQ-BGU,2019-01-31 06:09:06,2,39.23529508728457
918.7,87.84,92.28,88.03,3442.0,0.269,9.9,8.0,10.649999999999999,4199.0,13.746,0.0,0.0,1.0,0.0,0.0,VQ-BGU,2019-01-31 11:14:06,2,38.67326679099967
919.3,88.51,92.03,88.71,3476.0,0.28,5.3,4.2,3.6,4506.0,13.31,0.0,0.0,1.0,0.0,0.0,VQ-BGU,2019-02-01 11:55:55,2,38.22392290718611
730.5,78.79,84.55,78.91,3123.0,0.264,-30.4,-17.0,-31.3,2353.0,14.293,0.0,0.0,1.0,0.0,0.0,VQ-BGU,2019-02-01 22:34:05,2,38.15629600330597
860.8,83.19,90.46,83.28,3287.0,0.26,10.0,8.7,8.3,1572.0,14.751,0.0,0.0,1.0,0.0,0.0,VQ-BGU,2019-02-02 10:16:40,2,38.22470321643285
739.3,78.17,84.75,78.26,3099.0,0.278,-26.5,-21.7,-27.5,1617.0,14.742,0.0,0.0,1.0,0.0,0.0,VQ-BGU,2019-02-02 17:03:05,2,38.70541145206636
761.0,79.25,85.79,79.34,3050.0,0.264,-20.7,-19.5,-22.1,2342.0,14.343,0.0,1.0,1.0,0.0,0.0,VQ-BGU,2019-02-02 22:50:22,2,38.31482249523965
714.7,77.17,83.7,77.26,3063.0,0.268,-32.6,-23.0,-33.5,1794.0,14.606,0.0,0.0,1.0,0.0,0.0,VQ-BGU,2019-02-03 04:59:01,2,38.40904038878709
894.2,88.2,91.3,88.39,3907.0,0.278,-1.1,0.0,-2.6,2067.0,14.534,0.0,1.0,1.0,0.0,0.0,VQ-BGU,2019-02-03 11:48:57,2,38.15292432017602
725.3,76.82,84.07,76.87,2858.0,0.27,-27.2,-24.0,-28.4,2494.0,14.304,0.0,0.0,1.0,0.0,0.0,VQ-BGU,2019-02-04 00:38:55,2,38.1669681850986
925.8,88.71,92.26,88.91,3488.0,0.263,6.6,8.5,4.8,4575.0,13.121,0.0,0.0,1.0,0.0,0.0,VQ-BGU,2019-02-04 12:06:12,2,38.58843864904432
753.1,80.79,85.41,80.96,3351.0,0.277,-29.8,-20.2,-31.0,1769.0,14.586,0.0,0.0,1.0,0.0,0.0,VQ-BGU,2019-02-05 18:00:23,2,38.45201878770562
727.0,77.18,84.59,77.24,2920.0,0.237,-24.3,-16.5,-25.7,2121.0,14.356,0.0,0.0,1.0,0.0,0.0,VQ-BGU,2019-02-06 08:06:36,2,37.900043867217356
897.3,87.87,91.37,88.07,3491.0,0.272,1.1,0.5,-0.7,4232.0,13.404,0.0,1.0,1.0,0.0,0.0,VQ-BGU,2019-02-06 11:57:22,2,37.6818155615623
717.5,77.63,84.15,77.71,3082.0,0.254,-29.2,-21.5,-30.8,1484.0,14.727,0.0,0.0,1.0,0.0,0.0,VQ-BGU,2019-02-06 17:00:13,2,39.120159257764946
882.5,86.12,90.88,86.31,3316.0,0.267,2.9,1.2,1.1,3990.0,13.669,0.0,0.0,1.0,0.0,0.0,VQ-BGU,2019-02-07 11:18:56,2,38.194543798163366
882.8,86.19,90.92,86.38,3295.0,0.266,3.0,2.7,1.2,3747.0,13.595,0.0,0.0,1.0,0.0,0.0,VQ-BGU,2019-02-08 11:57:49,2,37.48519702318029
755.2,78.22,85.46,78.28,3076.0,0.261,-19.6,-14.2,-21.0,1747.0,14.672,0.0,0.0,1.0,0.0,0.0,VQ-BGU,2019-02-08 23:34:43,2,37.42419128636514
696.0,73.31,83.0,73.31,2642.0,0.261,-25.1,-13.7,-26.1,1388.0,14.825,0.0,0.0,1.0,0.0,0.0,VQ-BGU,2019-02-09 08:05:48,2,38.307877664337276
770.4,80.42,85.75,80.57,3317.0,0.255,-24.7,-11.5,-25.7,1585.0,14.636,0.0,0.0,1.0,0.0,0.0,VQ-BGU,2019-02-09 16:55:31,2,38.01300369923319
744.5,76.92,85.16,76.95,2859.0,0.239,-18.1,-8.2,-19.4,1735.0,14.522,0.0,0.0,1.0,0.0,0.0,VQ-BGU,2019-02-10 07:53:56,2,37.46826639311418
959.4,90.76,93.18,90.96,3723.0,0.286,7.7,10.0,5.7,4627.0,13.16,0.0,0.0,1.0,0.0,0.0,VQ-BGU,2019-02-10 11:53:14,2,36.77729618669166
746.0,78.95,85.3,79.04,3187.0,0.272,-24.4,-9.7,-25.7,1772.0,14.631,0.0,0.0,1.0,0.0,0.0,VQ-BGU,2019-02-10 17:05:19,2,37.27281037391729
768.2,78.94,85.91,79.02,3110.0,0.269,-17.9,-13.2,-19.2,1702.0,14.631,0.0,0.0,1.0,0.0,0.0,VQ-BGU,2019-02-11 04:36:25,2,36.899052060953125
818.0,79.64,88.75,79.64,2938.0,0.26,6.1,5.7,4.3,777.0,15.194,0.0,0.0,1.0,0.0,0.0,VQ-BGU,2019-02-11 10:09:17,2,36.81314360060745
773.8,79.85,86.21,79.95,3170.0,0.268,-18.6,-12.5,-20.2,1729.0,14.605,0.0,0.0,1.0,0.0,0.0,VQ-BGU,2019-02-11 16:58:19,2,36.6457642910619
758.5,79.07,85.4,79.16,3172.0,0.256,-23.5,-12.5,-24.7,1648.0,14.622,0.0,0.0,1.0,0.0,0.0,VQ-BGU,2019-02-12 04:57:30,2,37.255164210260794
908.1,88.83,91.8,89.03,3881.0,0.285,1.0,1.7,-0.7,2509.0,14.326,0.0,1.0,1.0,0.0,0.0,VQ-BGU,2019-02-12 11:02:23,2,36.236078645971965
769.6,79.36,86.01,79.45,3173.0,0.265,-18.3,-10.7,-19.6,1633.0,14.678,0.0,0.0,1.0,0.0,0.0,VQ-BGU,2019-02-12 16:49:19,2,36.87061898893018
759.6,76.89,85.72,76.9,2810.0,0.269,-12.6,-12.5,-14.2,1593.0,14.748,0.0,1.0,1.0,0.0,0.0,VQ-BGU,2019-02-13 08:26:11,2,37.013340477721584
810.5,82.0,87.77,82.14,3278.0,0.272,-10.5,-8.0,-13.3,1800.0,14.535,0.0,1.0,1.0,0.0,0.0,VQ-BGU,2019-02-13 16:47:08,2,36.6433757636574
779.7,80.17,86.6,80.28,3153.0,0.269,-16.0,-9.7,-17.6,2244.0,14.379,0.0,0.0,1.0,0.0,0.0,VQ-BGU,2019-02-13 22:29:23,2,35.94367395777963
768.8,78.3,86.22,78.33,2974.0,0.269,-12.9,-7.2,-14.4,1621.0,14.738,0.0,0.0,1.0,0.0,0.0,VQ-BGU,2019-02-14 06:20:33,2,36.24204513117164
888.0,86.78,91.0,86.98,3374.0,0.288,1.4,2.2,-0.2,4173.0,13.446,0.0,1.0,1.0,0.0,0.0,VQ-BGU,2019-02-14 11:19:17,2,36.38218680660636
830.3,82.71,88.33,82.85,3391.0,0.274,-9.1,-1.7,-10.7,1599.0,14.663,0.0,1.0,1.0,0.0,0.0,VQ-BGU,2019-02-14 16:30:05,2,35.778741552481364
778.8,78.49,86.27,78.53,2974.0,0.283,-12.9,-9.7,-14.5,1808.0,14.647,0.0,0.0,1.0,0.0,0.0,VQ-BGU,2019-02-14 23:06:39,2,35.67366617889111
759.5,76.67,85.91,76.68,2770.0,0.259,-9.5,-2.5,-11.3,1683.0,14.633,0.0,0.0,1.0,0.0,0.0,VQ-BGU,2019-02-15 07:52:58,2,35.93932914298505
925.9,88.53,92.06,88.72,3517.0,0.287,5.3,4.2,3.4,4426.0,13.511,0.0,0.0,1.0,0.0,0.0,VQ-BGU,2019-02-15 11:58:21,2,36.05192316951562
778.3,78.37,86.23,78.41,2920.0,0.278,-13.5,-10.2,-14.8,2301.0,14.345,0.0,0.0,1.0,0.0,0.0,VQ-BGU,2019-02-15 22:53:22,2,35.66116240087935
824.6,82.72,88.66,82.85,3251.0,0.293,-5.5,-4.5,-7.0,2302.0,14.527,0.0,0.0,1.0,0.0,0.0,VQ-BGU,2019-02-16 17:04:06,2,35.68235807567045
819.7,82.24,88.22,82.39,3195.0,0.28,-8.4,-3.0,-9.7,2771.0,14.191,0.0,0.0,1.0,0.0,0.0,VQ-BGU,2019-02-16 22:38:26,2,34.972026371581684
790.1,78.33,87.71,78.34,2799.0,0.263,0.7,0.2,-0.9,2253.0,14.411,0.0,0.0,1.0,0.0,0.0,VQ-BGU,2019-02-17 08:16:07,2,36.03946322971394
831.9,82.28,88.78,82.37,3210.0,0.288,-2.8,-1.2,-4.4,2380.0,14.47,0.0,0.0,1.0,0.0,0.0,VQ-BGU,2019-02-17 17:03:48,2,35.51264145467906
751.0,76.91,85.5,76.92,2804.0,0.26,-14.7,-2.5,-16.2,2370.0,14.231,0.0,0.0,1.0,0.0,0.0,VQ-BGU,2019-02-17 22:22:45,2,35.98588926454561
788.3,78.25,87.39,78.27,2795.0,0.272,-0.9,-0.2,-2.8,1579.0,14.798,0.0,0.0,1.0,0.0,0.0,VQ-BGU,2019-02-18 07:51:40,2,36.04864393730999
939.8,90.34,92.67,90.53,3637.0,0.293,4.1,3.2,2.0,5021.0,13.099,0.0,0.0,1.0,0.0,0.0,VQ-BGU,2019-02-18 11:56:14,2,36.3031191008005
776.0,77.26,86.81,77.28,2716.0,0.272,-2.6,-4.2,-4.7,2333.0,14.41,0.0,1.0,1.0,0.0,0.0,VQ-BGU,2019-02-18 19:52:22,2,35.64427586160966
756.4,78.5,85.62,78.57,2900.0,0.244,-19.1,-5.0,-20.7,3360.0,13.645,0.0,0.0,1.0,0.0,0.0,VQ-BGU,2019-02-18 23:10:49,2,35.381503098159115
861.3,84.52,89.82,84.68,3365.0,0.292,-0.6,0.7,-2.3,2269.0,14.421,0.0,0.0,1.0,0.0,0.0,VQ-BGU,2019-02-19 17:12:18,2,35.41299657560134
745.9,76.48,85.41,76.5,2766.0,0.256,-13.5,-1.5,-15.3,2279.0,14.286,0.0,0.0,1.0,0.0,0.0,VQ-BGU,2019-02-19 22:35:16,2,35.97651164158455
830.0,82.04,89.03,82.13,3206.0,0.279,0.5,1.2,-1.1,2132.0,14.49,0.0,1.0,1.0,0.0,0.0,VQ-BGU,2019-02-20 08:04:54,2,35.55371096740183
801.6,78.82,87.71,78.83,2855.0,0.263,-0.7,-1.7,-2.2,1964.0,14.552,0.0,1.0,1.0,0.0,0.0,VQ-BGU,2019-02-21 06:10:35,2,35.65107600428279
893.9,86.87,91.3,87.07,3395.0,0.272,4.0,1.7,2.2,3986.0,13.625,0.0,0.0,1.0,0.0,0.0,VQ-BGU,2019-02-21 11:21:29,2,35.44720973719471
815.6,82.58,88.44,82.71,3317.0,0.278,-7.2,-6.5,-8.8,1095.0,15.107,0.0,0.0,1.0,0.0,0.0,VQ-BGU,2019-02-21 16:26:04,2,35.89272099530986
792.0,78.65,87.1,78.67,2895.0,0.278,-4.6,-1.5,-6.2,1306.0,14.941,0.0,0.0,0.0,0.0,0.0,VQ-BGU,2019-02-21 22:19:57,2,35.65273481368989
771.2,77.77,86.76,77.78,2821.0,0.276,-5.8,-8.0,-7.8,1591.0,14.747,0.0,0.0,1.0,0.0,0.0,VQ-BGU,2019-02-22 08:04:36,2,35.63967935263337
828.6,83.32,88.64,83.47,3378.0,0.288,-8.3,0.0,-9.7,1704.0,14.768,0.0,0.0,1.0,0.0,0.0,VQ-BGU,2019-02-22 16:52:39,2,34.342235334066295
732.9,77.4,84.33,77.47,2902.0,0.257,-27.2,-18.7,-28.4,2800.0,13.986,0.0,0.0,1.0,0.0,0.0,VQ-BGU,2019-02-22 23:51:21,2,36.231919668033505
771.4,76.88,86.65,76.89,2758.0,0.266,-3.6,-3.0,-5.3,672.0,15.281,0.0,0.0,1.0,0.0,0.0,VQ-BGU,2019-02-23 07:58:04,2,35.914871599882616
931.0,89.13,92.51,89.33,3561.0,0.284,7.4,6.2,5.5,4488.0,13.476,0.0,0.0,1.0,0.0,0.0,VQ-BGU,2019-02-23 11:52:03,2,35.99423427750785
813.5,80.71,87.75,80.78,3222.0,0.272,-6.7,-2.5,-8.5,616.0,15.294,0.0,0.0,1.0,0.0,0.0,VQ-BGU,2019-02-23 16:52:09,2,35.33235940673501
813.1,79.39,87.46,79.42,2943.0,0.268,-4.6,-3.7,-6.5,2016.0,14.514,0.0,0.0,1.0,0.0,0.0,VQ-BGU,2019-02-24 07:48:50,2,34.196783046926456
932.5,89.17,92.56,89.37,3548.0,0.276,7.7,6.2,5.8,4505.0,13.338,0.0,0.0,1.0,0.0,0.0,VQ-BGU,2019-02-24 11:51:14,2,35.06547098576123
824.1,82.92,88.59,83.07,3261.0,0.278,-7.2,-7.7,-8.6,2106.0,14.501,0.0,1.0,1.0,0.0,0.0,VQ-BGU,2019-02-24 16:52:56,2,34.69592202695595
775.3,78.15,86.73,78.17,2846.0,0.275,-6.9,-7.0,-8.7,1921.0,14.649,0.0,0.0,1.0,0.0,0.0,VQ-BGU,2019-02-25 07:54:14,2,34.92468408639425
943.3,89.32,92.73,89.52,3593.0,0.281,8.6,7.0,6.9,4581.0,13.569,0.0,0.0,1.0,0.0,0.0,VQ-BGU,2019-02-25 12:00:53,2,34.81418711175208
798.3,80.82,87.59,80.9,3146.0,0.274,-8.8,-9.7,-10.5,2160.0,14.537,0.0,0.0,1.0,0.0,0.0,VQ-BGU,2019-02-25 17:06:29,2,35.06508801248368
738.0,74.93,84.95,74.92,2636.0,0.261,-12.5,-6.5,-14.3,2287.0,14.344,0.0,0.0,1.0,0.0,0.0,VQ-BGU,2019-02-25 22:25:03,2,35.47417052218918
787.6,80.03,87.11,80.1,3099.0,0.243,-10.9,-8.2,-12.2,1963.0,14.317,0.0,0.0,1.0,0.0,0.0,VQ-BGU,2019-02-26 04:42:58,2,35.040968180273126
835.0,82.17,89.35,82.25,3216.0,0.244,2.9,3.0,1.3,1366.0,14.756,0.0,0.0,1.0,0.0,0.0,VQ-BGU,2019-02-26 10:31:44,2,35.06873554324153
856.9,84.42,89.56,84.59,3408.0,0.28,-3.7,-1.2,-5.2,2151.0,14.475,0.0,1.0,1.0,0.0,0.0,VQ-BGU,2019-02-26 16:15:47,2,35.34076742435534
786.3,80.16,86.89,80.25,3264.0,0.263,-13.6,-0.7,-15.0,1557.0,14.776,0.0,0.0,1.0,0.0,0.0,VQ-BGU,2019-02-26 22:54:07,2,35.16708223551087
899.8,88.5,91.45,88.7,3894.0,0.295,-0.3,-0.5,-2.0,2401.0,14.512,0.0,1.0,1.0,0.0,0.0,VQ-BGU,2019-02-27 07:07:37,2,35.1607687623325
907.6,85.59,91.86,85.71,3275.0,0.258,14.6,12.5,12.8,3155.0,13.99,0.0,0.0,1.0,0.0,0.0,VQ-BGU,2019-02-27 11:23:33,2,34.84980005132632
836.3,83.31,88.62,83.46,3296.0,0.28,-8.4,-6.0,-9.8,2324.0,14.31,0.0,0.0,1.0,0.0,0.0,VQ-BGU,2019-02-27 17:16:55,2,34.37173715281386
835.8,83.2,88.87,83.35,3429.0,0.267,-5.9,3.7,-7.3,1268.0,14.933,0.0,0.0,1.0,0.0,0.0,VQ-BGU,2019-02-28 23:32:53,2,33.71996517928888
798.6,79.74,87.64,79.77,2971.0,0.264,-4.4,-4.0,-5.8,2097.0,14.475,0.0,0.0,1.0,0.0,0.0,VQ-BGU,2019-03-01 08:01:17,2,34.393869807735676
824.3,82.12,88.32,82.24,3240.0,0.277,-6.8,-3.5,-8.0,2131.0,14.467,0.0,0.0,1.0,0.0,0.0,VQ-BGU,2019-03-01 17:00:07,2,33.368430785595535
787.3,80.58,87.04,80.67,3212.0,0.266,-13.8,1.0,-15.1,2468.0,14.185,0.0,0.0,1.0,0.0,0.0,VQ-BGU,2019-03-01 23:02:39,2,33.70671131528503
806.3,82.1,87.61,82.25,3298.0,0.265,-13.6,-3.5,-15.0,2367.0,14.282,0.0,1.0,1.0,0.0,0.0,VQ-BGU,2019-03-02 17:08:54,2,33.803743692279724
788.7,79.11,86.6,79.17,3011.0,0.263,-11.9,-0.5,-13.3,2437.0,14.279,0.0,0.0,1.0,0.0,0.0,VQ-BGU,2019-03-02 22:33:21,2,33.548214621480284
854.3,82.55,89.39,82.64,3244.0,0.27,2.0,6.0,0.4,2235.0,14.391,0.0,0.0,1.0,0.0,0.0,VQ-BGU,2019-03-03 07:16:48,2,33.10480804605896
896.8,84.33,91.4,84.42,3189.0,0.265,15.0,13.0,13.2,3003.0,14.299,0.0,0.0,1.0,0.0,0.0,VQ-BGU,2019-03-03 11:29:45,2,33.72815830055929
803.0,77.85,87.68,77.88,2761.0,0.26,3.8,5.0,1.8,955.0,15.097,0.0,0.0,1.0,0.0,0.0,VQ-BGU,2019-03-04 07:45:07,2,34.22025139805822
873.1,84.81,90.34,84.96,3366.0,0.277,3.1,3.5,1.3,2247.0,14.398,0.0,0.0,1.0,0.0,0.0,VQ-BGU,2019-03-04 17:16:18,2,32.90348153179377
750.4,76.08,85.64,76.07,2711.0,0.253,-11.0,-5.0,-12.4,2153.0,14.352,0.0,0.0,1.0,0.0,0.0,VQ-BGU,2019-03-04 22:53:58,2,34.366826688426976
818.8,81.53,88.28,81.62,3196.0,0.276,-4.4,-5.5,-5.7,1874.0,14.648,0.0,0.0,1.0,0.0,0.0,VQ-BGU,2019-03-06 07:55:19,2,33.39482201820156
884.5,84.8,91.05,84.92,3239.0,0.268,10.1,11.0,8.4,2997.0,13.957,0.0,0.0,1.0,0.0,0.0,VQ-BGU,2019-03-06 13:00:52,2,33.72312082648973
875.8,87.42,90.25,87.61,3730.0,0.286,-7.8,-4.0,-9.4,3337.0,13.868,0.0,0.0,1.0,0.0,0.0,VQ-BGU,2019-03-08 00:09:54,2,33.05738788698717
791.4,78.39,87.42,78.42,2815.0,0.268,-1.5,-3.0,-3.2,1824.0,14.583,0.0,0.0,1.0,0.0,0.0,VQ-BGU,2019-03-08 07:52:47,2,33.51921933978548
963.6,90.28,93.53,90.47,3666.0,0.274,13.1,11.0,11.0,4504.0,13.487,0.0,0.0,1.0,0.0,0.0,VQ-BGU,2019-03-08 11:53:59,2,33.38080854090234
844.9,83.85,89.09,84.02,3394.0,0.305,-5.1,-1.5,-6.4,1645.0,14.745,0.0,0.0,0.0,0.0,0.0,VQ-BGU,2019-03-08 15:57:58,2,32.525110971710596
834.5,82.0,89.28,82.08,3143.0,0.266,2.6,4.5,1.1,2538.0,14.17,0.0,0.0,1.0,0.0,0.0,VQ-BGU,2019-03-08 22:12:46,2,33.04289547507105
762.7,76.44,86.3,76.42,2713.0,0.262,-5.1,-6.2,-6.7,1638.0,14.74,0.0,0.0,1.0,0.0,0.0,VQ-BGU,2019-03-09 07:55:21,2,33.659358072353605
807.6,80.36,87.81,80.43,3151.0,0.269,-4.9,-0.7,-6.5,1763.0,14.593,0.0,0.0,1.0,0.0,0.0,VQ-BGU,2019-03-10 07:56:12,2,33.021294830293925
905.2,85.0,91.64,85.1,3301.0,0.265,15.0,13.0,13.2,2870.0,14.491,0.0,0.0,1.0,0.0,0.0,VQ-BGU,2019-03-10 12:00:14,2,33.318405740948016
806.6,81.39,87.82,81.49,3267.0,0.279,-8.6,-2.5,-10.1,1015.0,15.175,0.0,0.0,1.0,0.0,0.0,VQ-BGU,2019-03-10 16:41:02,2,33.015693949695084
812.5,80.55,88.26,80.6,2998.0,0.292,-1.6,2.2,-3.2,1747.0,14.687,0.0,0.0,1.0,0.0,0.0,VQ-BGU,2019-03-10 22:21:06,2,33.05830972606514
790.3,79.5,87.32,79.53,3015.0,0.279,-6.6,-5.2,-8.1,1312.0,14.916,0.0,0.0,1.0,0.0,0.0,VQ-BGU,2019-03-11 05:40:16,2,33.458247685865
869.2,85.12,90.5,85.28,3320.0,0.266,2.8,1.2,1.0,2919.0,13.944,0.0,1.0,1.0,0.0,0.0,VQ-BGU,2019-03-11 11:36:25,2,33.98445395133702
863.5,84.51,89.92,84.66,3416.0,0.273,0.4,6.5,10.649999999999999,1750.0,14.717,0.0,0.0,1.0,0.0,0.0,VQ-BGU,2019-03-12 16:05:01,2,33.08112874677046
765.3,76.15,86.32,76.15,2661.0,0.273,-4.0,-1.7,-5.5,2309.0,14.371,0.0,0.0,1.0,0.0,0.0,VQ-BGU,2019-03-12 22:08:03,2,33.970911585690395
850.7,82.68,89.59,82.78,3253.0,0.284,3.3,5.5,1.4,2044.0,14.601,0.0,0.0,1.0,0.0,0.0,VQ-BGU,2019-03-13 07:34:24,2,33.25474008325341
921.2,85.2,92.14,85.3,3229.0,0.268,20.4,18.2,18.6,3008.0,14.269,0.0,0.0,0.0,0.0,0.0,VQ-BGU,2019-03-13 11:37:06,2,33.14980027121101
859.7,84.54,90.09,84.69,3389.0,0.283,1.3,7.2,-0.3,1913.0,14.69,0.0,0.0,1.0,0.0,0.0,VQ-BGU,2019-03-13 16:06:44,2,32.746050229129565
789.3,78.61,87.28,78.64,2859.0,0.273,-3.9,-3.5,-5.6,2070.0,14.538,0.0,0.0,1.0,0.0,0.0,VQ-BGU,2019-03-13 22:12:17,2,32.97739606716631
820.8,80.17,88.53,80.19,3013.0,0.29,2.5,6.7,0.8,1985.0,14.64,0.0,0.0,1.0,0.0,0.0,VQ-BGU,2019-03-14 06:18:02,2,32.760874627210136
966.8,89.32,93.8,89.51,3552.0,0.276,19.5,17.2,17.5,4280.0,13.85,0.0,0.0,1.0,0.0,0.0,VQ-BGU,2019-03-14 11:10:26,2,31.246475895953452
876.5,84.6,90.28,84.76,3403.0,0.27,3.2,8.2,1.5,2187.0,14.464,0.0,0.0,1.0,0.0,0.0,VQ-BGU,2019-03-14 17:00:12,2,32.273782087451764
854.9,83.67,89.59,83.8,3333.0,0.284,-0.3,1.5,-1.8,1864.0,14.687,0.0,0.0,1.0,0.0,0.0,VQ-BGU,2019-03-14 23:44:02,2,32.078637073546815
847.8,82.13,89.61,82.19,3155.0,0.272,6.0,8.0,3.7,2071.0,14.491,0.0,0.0,1.0,0.0,0.0,VQ-BGU,2019-03-15 08:18:11,2,32.94381700686459
875.8,85.07,90.46,85.24,3420.0,0.282,2.8,9.5,1.1,2272.0,14.501,0.0,0.0,1.0,0.0,0.0,VQ-BGU,2019-03-15 16:31:24,2,31.87157804752095
802.8,79.4,87.89,79.41,2910.0,0.267,-0.4,-1.7,10.649999999999999,1714.0,14.818,0.0,0.0,1.0,0.0,0.0,VQ-BGU,2019-03-16 07:51:33,2,32.79582963327299
1001.1,91.81,94.89,92.01,3742.0,0.288,20.8,19.2,18.7,4820.0,13.414,0.0,0.0,1.0,0.0,0.0,VQ-BGU,2019-03-16 11:52:06,2,31.791056357708392
816.2,81.16,88.07,81.25,3236.0,0.268,-5.6,-7.2,-6.9,1992.0,15.048,0.0,1.0,1.0,0.0,0.0,VQ-BGU,2019-03-17 06:58:10,2,32.21897094200167
972.5,89.36,94.25,89.56,3635.0,0.267,23.6,22.2,21.7,3073.0,14.194,0.0,0.0,1.0,0.0,0.0,VQ-BGU,2019-03-17 11:30:56,2,31.32789857447022
814.5,82.14,88.07,82.27,3291.0,0.274,-9.6,-5.2,-11.1,1949.0,14.625,0.0,0.0,1.0,0.0,0.0,VQ-BGU,2019-03-17 16:26:22,2,30.967967335962435
847.5,82.96,89.56,83.07,3264.0,0.28,1.6,5.2,0.3,2271.0,14.375,0.0,0.0,1.0,0.0,0.0,VQ-BGU,2019-03-17 22:24:28,2,31.579771818896468
829.4,83.21,88.72,83.36,3397.0,0.28,-7.5,-2.7,-8.8,1643.0,14.647,0.0,0.0,1.0,0.0,0.0,VQ-BGU,2019-03-18 16:20:13,2,31.396646370354333
781.0,78.21,86.85,78.23,2850.0,0.293,-6.8,-6.7,-8.2,2070.0,14.622,0.0,0.0,1.0,0.0,0.0,VQ-BGU,2019-03-18 22:16:19,2,31.674976724893344
833.5,83.28,88.53,83.44,3433.0,0.269,-8.5,-2.2,-9.7,1538.0,14.731,0.0,0.0,1.0,0.0,0.0,VQ-BGU,2019-03-20 01:39:59,2,31.506487704014802
907.2,84.43,92.22,84.5,3345.0,0.274,22.9,20.2,21.2,1692.0,15.182,0.0,0.0,1.0,0.0,0.0,VQ-BGU,2019-03-20 09:00:21,2,32.83924783074018
847.6,84.04,89.34,84.2,3449.0,0.275,-3.5,0.5,-5.0,1493.0,14.767,0.0,0.0,0.0,0.0,0.0,VQ-BGU,2019-03-20 16:16:30,2,31.35865180827701
771.3,77.8,86.42,77.82,2841.0,0.28,-9.3,-7.5,-10.8,1343.0,14.954,0.0,0.0,1.0,0.0,0.0,VQ-BGU,2019-03-20 22:18:55,2,32.498585228249176
804.0,79.47,87.92,79.5,2965.0,0.266,-0.8,-0.5,-2.6,1524.0,14.714,0.0,0.0,1.0,0.0,0.0,VQ-BGU,2019-03-21 06:22:20,2,32.16783748671091
973.5,90.1,93.89,90.31,3665.0,0.278,17.5,15.5,15.6,4273.0,13.803,0.0,0.0,1.0,0.0,0.0,VQ-BGU,2019-03-21 11:12:19,2,31.434933306040897
844.5,83.77,89.26,83.92,3429.0,0.274,-4.6,2.7,-6.0,1734.0,14.604,0.0,0.0,1.0,0.0,0.0,VQ-BGU,2019-03-21 16:13:05,2,31.476073164725086
800.8,80.86,87.59,80.96,3150.0,0.294,-9.0,-8.0,-10.6,2167.0,14.587,0.0,0.0,1.0,0.0,0.0,VQ-BGU,2019-03-21 22:20:16,2,31.42296622675215
809.1,79.28,88.17,79.29,2904.0,0.286,2.4,3.2,0.7,2041.0,14.624,0.0,0.0,1.0,0.0,0.0,VQ-BGU,2019-03-22 07:49:23,2,31.996288977019276
863.6,84.4,89.96,84.56,3416.0,0.272,0.2,4.5,-1.4,1884.0,14.559,0.0,0.0,1.0,0.0,0.0,VQ-BGU,2019-03-22 16:08:32,2,31.698413899221517
803.2,80.96,87.43,81.06,3168.0,0.286,-11.4,-7.2,-12.6,2161.0,14.44,0.0,0.0,1.0,0.0,0.0,VQ-BGU,2019-03-22 22:18:07,2,31.39923562378445
807.2,78.42,87.88,78.42,2816.0,0.269,3.0,5.7,1.3,1856.0,14.576,0.0,0.0,1.0,0.0,0.0,VQ-BGU,2019-03-23 07:49:40,2,31.121850207169935
998.4,92.11,94.47,92.31,3907.0,0.279,15.0,13.2,13.0,4627.0,13.585,0.0,0.0,1.0,0.0,0.0,VQ-BGU,2019-03-23 11:50:52,2,31.141875623201084
825.2,80.77,88.74,80.81,3035.0,0.27,1.8,3.2,0.5,1994.0,14.481,0.0,0.0,1.0,0.0,0.0,VQ-BGU,2019-03-24 07:09:31,2,30.613576602278936
923.9,85.85,92.25,85.97,3388.0,0.278,17.5,15.7,15.7,2988.0,14.721,0.0,0.0,1.0,0.0,0.0,VQ-BGU,2019-03-24 12:08:41,2,31.60817682357887
824.1,81.15,88.69,81.21,3146.0,0.273,0.4,4.2,-1.1,1945.0,14.535,0.0,0.0,1.0,0.0,0.0,VQ-BGU,2019-03-24 19:07:38,2,31.248974705105283
790.8,79.72,87.07,79.78,2999.0,0.268,-10.3,-4.7,-11.6,2741.0,14.094,0.0,1.0,1.0,0.0,0.0,VQ-BGU,2019-03-25 00:34:35,2,31.077817248589845
814.0,79.25,88.42,79.27,2878.0,0.265,4.2,2.7,2.7,1764.0,14.639,0.0,0.0,1.0,0.0,0.0,VQ-BGU,2019-03-25 07:56:11,2,31.630126813340702
1016.8,92.74,95.15,92.93,3979.0,0.277,19.2,17.5,17.2,4657.0,13.722,0.0,0.0,1.0,0.0,0.0,VQ-BGU,2019-03-25 11:54:10,2,31.142529358526094
825.5,81.68,88.81,81.76,3250.0,0.267,0.0,3.0,-1.7,1587.0,14.667,0.0,0.0,1.0,0.0,0.0,VQ-BGU,2019-03-25 16:47:19,2,30.950923638616512
771.0,77.57,86.64,77.57,2742.0,0.276,-6.1,-7.0,-8.0,2666.0,14.227,0.0,0.0,1.0,0.0,0.0,VQ-BGU,2019-03-25 22:22:24,2,31.714887695919323
859.5,82.75,89.6,82.83,3275.0,0.272,3.7,4.5,2.1,2079.0,14.449,0.0,0.0,1.0,0.0,0.0,VQ-BGU,2019-03-27 06:55:34,2,31.127065575729603
921.3,85.71,92.46,85.82,3265.0,0.288,20.5,23.5,18.4,3133.0,13.95,0.0,0.0,1.0,0.0,0.0,VQ-BGU,2019-03-27 11:31:04,2,31.182177176706805
853.1,83.91,89.7,84.05,3366.0,0.254,-0.4,1.2,-1.9,1818.0,14.521,0.0,1.0,1.0,0.0,0.0,VQ-BGU,2019-03-27 16:49:19,2,31.226066482025956
796.4,78.07,87.67,78.07,2795.0,0.261,2.8,4.5,1.0,487.0,15.291,0.0,0.0,0.0,0.0,0.0,VQ-BGU,2019-03-28 06:28:23,2,32.03699627733753
963.3,89.49,94.01,89.69,3504.0,0.273,22.0,22.7,20.0,3203.0,13.893,0.0,0.0,0.0,0.0,0.0,VQ-BGU,2019-03-28 11:07:57,2,31.045629194729447
844.6,83.32,89.53,83.45,3357.0,0.275,0.2,4.7,-1.1,1622.0,14.723,0.0,0.0,1.0,0.0,0.0,VQ-BGU,2019-03-28 16:06:29,2,31.164665420513654
783.0,78.2,86.82,78.21,2883.0,0.275,-7.2,-3.7,-8.5,1680.0,14.799,0.0,0.0,1.0,0.0,0.0,VQ-BGU,2019-03-28 22:11:36,2,30.935864708439247
821.8,79.59,88.81,79.6,2903.0,0.281,7.3,8.2,5.2,1963.0,14.617,0.0,0.0,1.0,0.0,0.0,VQ-BGU,2019-03-29 08:20:26,2,31.679779826030305
875.6,85.06,90.69,85.21,3440.0,0.255,4.6,9.0,2.9,2075.0,14.386,0.0,0.0,1.0,0.0,0.0,VQ-BGU,2019-03-29 16:44:42,2,30.93767313527736
922.1,86.78,92.15,86.95,3253.0,0.261,13.4,11.5,11.3,4417.0,13.516,0.0,0.0,1.0,0.0,0.0,VQ-BGU,2019-03-30 11:58:36,2,31.571179902363067
836.6,81.94,89.08,82.01,3156.0,0.282,2.8,6.0,1.1,2056.0,14.56,0.0,1.0,0.0,0.0,0.0,VQ-BGU,2019-03-31 01:53:53,2,31.64678677216245
969.8,91.09,93.43,91.28,4171.0,0.29,9.8,10.5,8.2,1807.0,14.888,0.0,0.0,0.0,0.0,0.0,VQ-BGU,2019-03-31 07:27:44,2,30.834493842111605
891.8,83.94,91.25,84.0,3309.0,0.261,16.0,14.0,13.7,1961.0,14.868,0.0,0.0,1.0,0.0,0.0,VQ-BGU,2019-03-31 14:14:26,2,31.016025807065173
909.2,86.36,91.83,86.52,3475.0,0.271,11.5,10.2,9.5,2484.0,14.447,0.0,0.0,1.0,0.0,0.0,VQ-BGU,2019-03-31 20:01:27,2,30.96498441042408
905.8,87.58,91.61,87.78,3801.0,0.26,4.8,5.7,3.1,1189.0,14.805,0.0,0.0,1.0,0.0,0.0,VQ-BGU,2019-04-01 09:15:40,2,30.30730219706846
900.5,83.53,91.22,83.59,3259.0,0.248,17.0,17.0,15.1,1808.0,14.475,0.0,0.0,1.0,0.0,0.0,VQ-BGU,2019-04-01 14:26:33,2,30.17998999817106
858.8,83.97,89.96,84.1,3329.0,0.282,2.3,1.2,0.8,2132.0,14.633,0.0,0.0,1.0,0.0,0.0,VQ-BGU,2019-04-01 19:18:41,2,30.0517709205244
870.9,85.17,90.59,85.33,3271.0,0.281,3.4,2.2,1.8,3401.0,13.799,0.0,0.0,1.0,0.0,0.0,VQ-BGU,2019-04-02 01:45:28,2,30.643997976849935
926.0,88.98,92.27,89.17,4009.0,0.275,5.5,5.5,3.7,1294.0,14.882,0.0,0.0,1.0,0.0,0.0,VQ-BGU,2019-04-02 09:45:09,2,29.949121275021067
977.0,90.74,94.1,90.93,4076.0,0.273,16.5,16.2,14.8,1823.0,14.616,0.0,0.0,1.0,0.0,0.0,VQ-BGU,2019-04-02 14:45:49,2,29.868212736280412
829.8,81.48,89.0,81.54,3163.0,0.272,1.8,4.2,0.3,2003.0,14.558,0.0,0.0,1.0,0.0,0.0,VQ-BGU,2019-04-02 20:53:49,2,29.275227715652786
845.7,83.36,89.61,83.48,3376.0,0.252,0.9,4.0,-0.5,1705.0,14.628,0.0,0.0,1.0,0.0,0.0,VQ-BGU,2019-04-03 01:12:08,2,29.802932901716943
904.0,87.46,91.64,87.65,3778.0,0.268,5.3,3.0,3.7,2027.0,14.846,0.0,0.0,1.0,0.0,0.0,VQ-BGU,2019-04-03 07:03:13,2,29.77477381007953
945.6,87.82,93.27,87.97,3574.0,0.287,21.4,21.2,19.3,1616.0,14.773,0.0,0.0,0.0,0.0,0.0,VQ-BGU,2019-04-03 13:24:21,2,30.404020532306234
874.1,85.01,90.57,85.17,3474.0,0.271,3.6,6.7,1.9,1414.0,14.753,0.0,0.0,1.0,0.0,0.0,VQ-BGU,2019-04-03 20:09:35,2,29.75193292928881
831.9,81.32,88.98,81.39,3058.0,0.258,2.5,7.7,0.9,2478.0,14.163,0.0,0.0,1.0,0.0,0.0,VQ-BGU,2019-04-04 01:17:14,2,29.82979294290447
879.2,85.04,90.68,85.2,3434.0,0.266,4.6,5.7,3.2,1939.0,14.555,0.0,0.0,1.0,0.0,0.0,VQ-BGU,2019-04-04 07:04:00,2,29.850247194390615
840.2,79.45,89.63,79.45,2791.0,0.271,15.5,12.2,13.9,2142.0,14.42,0.0,0.0,1.0,0.0,0.0,VQ-BGU,2019-04-04 13:33:03,2,30.815145845740602
855.5,83.53,89.85,83.65,3372.0,0.241,2.7,8.0,1.0,1079.0,14.795,0.0,0.0,1.0,0.0,0.0,VQ-BGU,2019-04-04 20:57:44,2,30.392036149595775
865.8,83.83,90.27,83.95,3359.0,0.25,5.7,5.5,4.1,1445.0,14.764,0.0,0.0,1.0,0.0,0.0,VQ-BGU,2019-04-05 08:25:26,2,30.15361922113447
838.5,81.7,89.35,81.75,3160.0,0.274,4.7,5.7,2.8,1614.0,14.77,0.0,0.0,1.0,0.0,0.0,VQ-BGU,2019-04-05 13:57:13,2,30.561430774522478
905.8,87.46,91.52,87.67,3763.0,0.267,3.9,4.5,2.3,1482.0,14.717,0.0,0.0,1.0,0.0,0.0,VQ-BGU,2019-04-05 20:06:35,2,29.92887476379289
874.3,84.82,90.6,84.97,3419.0,0.284,5.2,5.0,3.5,1403.0,14.963,0.0,0.0,1.0,0.0,0.0,VQ-BGU,2019-04-06 07:02:24,2,30.354685292160134
921.3,87.02,92.52,87.18,3532.0,0.265,15.9,14.5,13.7,2092.0,14.544,0.0,0.0,1.0,0.0,0.0,VQ-BGU,2019-04-06 13:22:02,2,30.0466935156792
813.1,80.46,88.42,80.5,3055.0,0.269,0.2,2.7,-1.3,2064.0,14.708,0.0,0.0,1.0,0.0,0.0,VQ-BGU,2019-04-06 20:34:06,2,30.21170219316258
868.0,85.28,90.3,85.46,3489.0,0.273,0.2,-1.2,-1.2,1789.0,14.631,0.0,0.0,1.0,0.0,0.0,VQ-BGU,2019-04-07 02:06:54,2,30.599571133112228
811.7,79.84,88.08,79.86,3052.0,0.271,-0.4,1.5,-1.8,1542.0,14.824,0.0,0.0,1.0,0.0,0.0,VQ-BGU,2019-04-08 01:53:32,2,29.88599949529312
876.7,84.1,90.78,84.21,3279.0,0.255,9.9,6.7,8.0,2662.0,14.115,0.0,0.0,1.0,0.0,0.0,VQ-BGU,2019-04-08 09:57:31,2,29.985327009474222
901.1,84.31,91.71,84.38,3284.0,0.247,18.0,15.7,16.3,2332.0,14.214,0.0,0.0,1.0,0.0,0.0,VQ-BGU,2019-04-08 14:20:59,2,29.916260166977096
866.6,83.71,90.42,83.79,3243.0,0.284,9.3,12.0,7.7,1866.0,14.723,0.0,0.0,0.0,0.0,0.0,VQ-BGU,2019-04-08 23:44:04,2,30.513972171412476
958.1,88.83,93.53,89.03,3508.0,0.269,20.2,19.7,18.2,3415.0,13.727,0.0,0.0,0.0,0.0,0.0,VQ-BGU,2019-04-09 05:01:19,2,29.46619513227222
873.7,82.36,90.83,82.38,2940.0,0.272,16.9,15.0,14.9,3348.0,13.909,0.0,0.0,1.0,0.0,0.0,VQ-BGU,2019-04-09 15:33:32,2,30.25271383550014
932.5,87.8,92.54,88.0,3644.0,0.26,13.8,14.7,12.0,1668.0,14.596,0.0,0.0,0.0,0.0,0.0,VQ-BGU,2019-04-10 11:06:21,2,29.82220220050465
876.0,83.51,90.71,83.59,3067.0,0.287,13.2,12.0,11.2,3339.0,13.904,0.0,0.0,0.0,0.0,0.0,VQ-BGU,2019-04-10 15:28:05,2,29.796079744979245
891.1,85.98,91.2,86.15,3454.0,0.268,6.6,6.5,5.0,2401.0,14.155,0.0,0.0,1.0,0.0,0.0,VQ-BGU,2019-04-10 21:04:15,2,29.58611511232425
844.6,82.89,89.45,82.99,3348.0,0.254,1.3,7.7,-0.1,1746.0,14.528,0.0,0.0,1.0,0.0,0.0,VQ-BGU,2019-04-11 01:16:20,2,29.635028588352995
880.3,84.08,90.74,84.18,3356.0,0.259,10.0,7.0,8.2,2234.0,14.647,0.0,0.0,1.0,0.0,0.0,VQ-BGU,2019-04-11 09:49:27,2,29.30613355929617
875.4,83.35,90.61,83.43,3358.0,0.271,10.9,7.2,9.2,1910.0,15.1,0.0,0.0,1.0,0.0,0.0,VQ-BGU,2019-04-11 14:28:42,2,29.62808711002476
871.8,84.96,90.24,85.14,3409.0,0.269,0.9,1.0,-0.1,2206.0,14.278,0.0,1.0,1.0,0.0,0.0,VQ-BGU,2019-04-13 07:32:49,2,30.54045296202508
905.9,84.42,91.81,84.5,3354.0,0.259,18.5,17.0,16.8,1804.0,14.595,0.0,0.0,1.0,0.0,0.0,VQ-BGU,2019-04-13 13:44:38,2,29.360697507635557
850.8,82.78,89.67,82.86,3293.0,0.261,3.6,4.5,2.0,1415.0,14.785,0.0,0.0,1.0,0.0,0.0,VQ-BGU,2019-04-13 20:36:44,2,29.425927470030327
814.0,80.76,88.28,80.82,3106.0,0.274,-1.6,-3.7,-3.4,1944.0,14.731,0.0,0.0,1.0,0.0,0.0,VQ-BGU,2019-04-15 01:54:11,2,29.324622704505067
910.0,88.65,91.8,88.84,4000.0,0.275,2.7,4.2,1.3,1004.0,15.024,0.0,0.0,1.0,0.0,0.0,VQ-BGU,2019-04-15 07:51:57,2,29.49902176364237
907.9,84.19,92.0,84.25,3290.0,0.266,21.7,19.5,19.9,1872.0,14.666,0.0,0.0,1.0,0.0,0.0,VQ-BGU,2019-04-15 13:53:20,2,29.832738319376965
911.8,86.53,91.94,86.71,3578.0,0.266,12.3,9.2,10.6,2191.0,14.801,0.0,0.0,1.0,0.0,0.0,VQ-BGU,2019-04-16 10:00:59,2,29.075773222675434
908.9,84.6,92.0,84.67,3411.0,0.251,19.9,17.0,17.9,1829.0,15.038,0.0,0.0,1.0,0.0,0.0,VQ-BGU,2019-04-16 14:33:40,2,29.377938923361512
858.6,82.42,89.85,82.49,3192.0,0.279,8.3,8.5,6.5,1168.0,15.084,0.0,0.0,0.0,0.0,0.0,VQ-BGU,2019-04-17 09:53:16,2,29.633077425097966
905.5,85.17,91.92,85.28,3363.0,0.255,18.1,15.7,16.4,1614.0,14.68,0.0,0.0,0.0,0.0,0.0,VQ-BGU,2019-04-17 14:44:48,2,29.96781102478299
896.7,86.86,91.23,87.07,3725.0,0.261,3.3,7.5,2.1,1808.0,14.537,0.0,0.0,1.0,0.0,0.0,VQ-BGU,2019-04-17 20:08:26,2,28.918693090904853
821.0,81.03,88.48,81.07,3000.0,0.263,-1.4,-1.5,-3.0,2288.0,14.301,0.0,1.0,1.0,0.0,0.0,VQ-BGU,2019-04-18 01:11:19,2,29.739284130435287
924.3,87.99,92.42,88.19,3765.0,0.259,11.2,10.7,9.4,1280.0,14.84,0.0,0.0,0.0,0.0,0.0,VQ-BGU,2019-04-18 09:55:33,2,29.54737975000223
912.1,84.63,92.17,84.69,3313.0,0.246,22.9,19.7,21.1,1675.0,15.005,0.0,0.0,0.0,0.0,0.0,VQ-BGU,2019-04-18 14:13:56,2,30.063770277128242
871.0,83.85,90.46,83.95,3341.0,0.281,7.3,7.5,5.6,2038.0,14.62,0.0,0.0,1.0,0.0,0.0,VQ-BGU,2019-04-18 18:54:54,2,29.25146004990772
911.3,89.06,91.79,89.25,3773.0,0.279,0.6,-1.5,-1.3,3739.0,13.824,0.0,0.0,1.0,0.0,0.0,VQ-BGU,2019-04-19 01:40:23,2,29.560217372248623
922.1,87.89,92.23,88.1,3735.0,0.268,10.6,9.2,8.8,1449.0,14.696,0.0,0.0,0.0,0.0,0.0,VQ-BGU,2019-04-19 10:01:39,2,29.191831070710506
922.7,84.89,92.51,84.95,3354.0,0.248,24.9,21.5,23.2,1736.0,15.215,0.0,0.0,0.0,0.0,0.0,VQ-BGU,2019-04-19 14:24:35,2,28.952180055242565
864.6,84.42,90.17,84.57,3453.0,0.255,2.6,9.2,0.8,1932.0,14.491,0.0,0.0,1.0,0.0,0.0,VQ-BGU,2019-04-19 20:35:50,2,28.53277727688397
849.5,82.22,89.5,82.29,3238.0,0.282,3.7,1.7,2.2,2146.0,14.966,0.0,0.0,1.0,0.0,0.0,VQ-BGU,2019-04-20 04:50:02,2,28.966897273646364
865.0,82.49,90.08,82.55,3335.0,0.253,9.0,5.7,7.2,1581.0,15.337,0.0,0.0,1.0,0.0,0.0,VQ-BGU,2019-04-20 10:45:49,2,29.033997389314855
864.0,84.28,90.07,84.42,3382.0,0.282,2.1,5.2,0.6,2033.0,14.532,0.0,0.0,1.0,0.0,0.0,VQ-BGU,2019-04-20 17:01:19,2,29.23961299013648
865.4,83.7,90.04,83.81,3263.0,0.266,3.6,2.2,2.1,2552.0,14.301,0.0,0.0,1.0,0.0,0.0,VQ-BGU,2019-04-20 22:31:05,2,29.19481085327118
918.7,87.17,92.32,87.35,3550.0,0.312,13.9,12.5,12.1,2042.0,14.692,0.0,0.0,0.0,0.0,0.0,VQ-BGU,2019-04-24 07:03:38,2,27.712352555502807
1022.3,93.27,96.17,93.46,4244.0,0.283,29.3,28.5,26.9,1998.0,14.782,0.0,0.0,0.0,0.0,0.0,VQ-BGU,2019-04-24 16:05:59,2,27.81787949303006
936.8,86.25,92.73,86.36,3532.0,0.274,20.8,19.7,18.9,1712.0,14.974,0.0,0.0,1.0,0.0,0.0,VQ-BGU,2019-04-26 10:00:37,2,28.247688455310964
873.6,82.11,90.62,82.14,3076.0,0.244,15.8,13.0,14.3,1916.0,14.675,0.0,0.0,1.0,0.0,0.0,VQ-BGU,2019-04-26 14:41:13,2,27.825606965793895
872.7,81.41,90.8,81.42,3002.0,0.262,19.4,17.5,17.9,1478.0,14.766,0.0,0.0,1.0,0.0,0.0,VQ-BGU,2019-04-27 13:22:53,2,28.206077751727253
893.2,84.94,91.36,85.05,3362.0,0.267,13.5,22.2,11.8,1858.0,14.573,0.0,0.0,0.0,0.0,0.0,VQ-BGU,2019-04-27 20:45:50,2,30.194946345810052
876.7,85.58,90.68,85.76,3598.0,0.292,2.6,1.5,1.1,2020.0,15.207,0.0,0.0,1.0,0.0,0.0,VQ-BGU,2019-04-28 01:44:26,2,28.21712242717774
954.3,86.19,93.71,86.26,3554.0,0.269,31.3,30.5,29.1,1115.0,15.455,0.0,0.0,1.0,0.0,0.0,VQ-BGU,2019-04-28 09:25:27,2,29.93973701130397
882.3,83.55,90.89,83.62,3242.0,0.282,13.4,15.0,11.3,2316.0,14.4,0.0,0.0,1.0,0.0,0.0,VQ-BGU,2019-04-29 01:50:34,2,28.320316425301332
910.3,87.53,91.88,87.71,3716.0,0.288,7.7,7.2,6.4,1509.0,14.831,0.0,0.0,0.0,0.0,0.0,VQ-BGU,2019-04-29 10:00:56,2,27.59837564419839
863.3,81.68,90.35,81.7,3032.0,0.246,16.1,13.2,14.3,1541.0,14.666,0.0,0.0,0.0,0.0,0.0,VQ-BGU,2019-04-29 14:17:23,2,29.098934111186114
906.8,87.75,91.64,87.94,3802.0,0.3,3.7,6.2,2.3,2685.0,14.407,0.0,0.0,1.0,0.0,0.0,VQ-BGU,2019-04-29 19:29:57,2,27.85322508533934
861.9,83.03,90.13,83.11,3175.0,0.245,8.0,6.5,6.9,2071.0,14.334,0.0,0.0,0.0,0.0,0.0,VQ-BGU,2019-04-30 05:42:41,2,28.70192397416224
851.1,78.62,89.76,78.6,2681.0,0.249,22.4,20.2,20.1,1945.0,14.431,0.0,0.0,0.0,0.0,0.0,VQ-BGU,2019-04-30 13:57:43,2,28.707129698094626
895.8,85.72,91.3,85.88,3467.0,0.276,9.5,12.2,8.1,1585.0,14.75,0.0,0.0,0.0,0.0,0.0,VQ-BGU,2019-04-30 17:26:55,2,28.247491533496238
837.0,79.0,89.5,79.0,2745.0,0.247,18.4,17.7,16.2,1027.0,14.969,0.0,0.0,0.0,0.0,0.0,VQ-BGU,2019-04-30 23:40:07,2,28.626951513524283
930.5,88.07,92.61,88.27,3693.0,0.263,13.1,13.0,11.7,1573.0,14.778,0.0,0.0,0.0,0.0,0.0,VQ-BGU,2019-05-01 09:03:48,2,28.127812653992436
928.8,88.62,92.56,88.82,3817.0,0.285,9.7,13.7,7.9,2008.0,14.582,0.0,0.0,1.0,0.0,0.0,VQ-BGU,2019-05-01 18:58:16,2,28.264540325935176
883.8,84.92,90.99,85.05,3335.0,0.274,9.0,10.7,7.2,1764.0,14.54,0.0,0.0,1.0,0.0,0.0,VQ-BGU,2019-05-02 09:48:32,2,27.997517258158627
864.7,82.55,90.48,82.59,3097.0,0.245,14.1,12.5,12.4,1973.0,14.429,0.0,0.0,0.0,0.0,0.0,VQ-BGU,2019-05-02 14:05:41,2,28.74596696936624
975.1,91.24,93.78,91.44,4089.0,0.275,13.1,14.2,11.4,1605.0,14.632,0.0,0.0,0.0,0.0,0.0,VQ-BGU,2019-05-03 07:08:13,2,28.15323807154843
896.3,83.76,91.61,83.82,3223.0,0.269,18.9,16.7,17.0,2222.0,14.36,0.0,0.0,1.0,0.0,0.0,VQ-BGU,2019-05-03 13:35:27,2,27.852292008456836
860.6,82.49,89.98,82.55,3083.0,0.26,9.7,10.5,7.8,2031.0,14.458,0.0,0.0,0.0,0.0,0.0,VQ-BGU,2019-05-03 20:37:18,2,28.365152135985408
850.2,82.34,89.77,82.4,3211.0,0.256,7.3,11.5,5.8,1100.0,14.891,0.0,0.0,0.0,0.0,0.0,VQ-BGU,2019-05-04 01:41:29,2,28.899494649667407
900.9,85.4,91.52,85.54,3397.0,0.259,12.7,13.0,11.1,1465.0,14.792,0.0,0.0,0.0,0.0,0.0,VQ-BGU,2019-05-04 10:06:05,2,28.69895358213755
862.3,83.52,90.34,83.61,3278.0,0.248,8.1,7.2,6.6,1337.0,14.866,0.0,0.0,0.0,0.0,0.0,VQ-BGU,2019-05-04 14:44:34,2,28.897388813751828
872.6,84.62,90.62,84.75,3352.0,0.251,7.2,12.2,5.5,1929.0,14.462,0.0,0.0,0.0,0.0,0.0,VQ-BGU,2019-05-04 20:34:39,2,28.938186156833233
919.6,86.29,91.89,86.46,3546.0,0.281,12.5,16.5,10.8,1744.0,14.638,0.0,0.0,1.0,0.0,0.0,VQ-BGU,2019-05-05 01:57:27,2,28.69212938720363
958.6,88.49,93.5,88.68,3735.0,0.28,21.0,18.7,19.0,2218.0,14.917,0.0,0.0,0.0,0.0,0.0,VQ-BGU,2019-05-06 04:46:22,2,27.053252044082015
885.6,84.85,90.98,84.99,3335.0,0.265,8.6,6.2,6.9,2841.0,14.318,0.0,0.0,1.0,0.0,0.0,VQ-BGU,2019-05-06 12:12:49,2,28.188054742687733
876.4,81.28,90.75,81.28,2991.0,0.281,22.1,22.0,20.3,1171.0,15.067,0.0,0.0,0.0,0.0,0.0,VQ-BGU,2019-05-07 04:55:32,2,28.082546217368808
1016.0,92.42,95.53,92.62,4129.0,0.284,24.3,21.7,22.3,2638.0,14.355,0.0,0.0,1.0,0.0,0.0,VQ-BGU,2019-05-07 10:13:11,2,27.802722267956053
978.0,90.46,94.29,90.66,3994.0,0.289,19.6,25.2,17.7,1582.0,14.738,0.0,0.0,1.0,0.0,0.0,VQ-BGU,2019-05-07 19:02:40,2,27.416882317319587
931.6,86.07,92.86,86.17,3446.0,0.256,22.6,20.0,20.9,2203.0,14.784,0.0,0.0,1.0,0.0,0.0,VQ-BGU,2019-05-09 10:06:14,2,26.816033298249735
894.6,84.56,91.54,84.65,3323.0,0.276,15.9,12.7,13.9,2555.0,14.584,0.0,0.0,1.0,0.0,0.0,VQ-BGU,2019-05-09 14:20:36,2,27.64827526780823
952.7,88.01,93.35,88.17,3639.0,0.277,20.6,22.2,18.5,1382.0,14.869,0.0,0.0,1.0,0.0,0.0,VQ-BGU,2019-05-10 07:05:49,2,27.70990918841167
992.1,90.25,94.97,90.46,3834.0,0.27,27.8,26.7,26.0,2071.0,14.465,0.0,0.0,1.0,0.0,0.0,VQ-BGU,2019-05-10 13:57:37,2,27.20774366164777
861.9,81.06,90.55,81.05,2968.0,0.272,21.1,24.2,18.6,3234.0,13.958,0.0,0.0,0.0,0.0,0.0,VQ-BGU,2019-05-10 23:20:30,2,27.487243308238536
880.3,84.0,91.1,84.07,3278.0,0.262,15.1,20.2,13.1,2791.0,14.039,0.0,0.0,0.0,0.0,0.0,VQ-BGU,2019-05-11 02:28:32,2,28.591763455484653
924.6,87.11,92.69,87.27,3436.0,0.252,18.3,15.5,16.6,2516.0,14.369,0.0,0.0,0.0,0.0,0.0,VQ-BGU,2019-05-11 06:07:35,2,28.4586805255296
888.3,83.38,91.35,83.42,3153.0,0.247,19.1,16.5,17.3,1713.0,14.538,0.0,0.0,0.0,0.0,0.0,VQ-BGU,2019-05-11 11:09:37,2,27.854232967558673
928.1,86.44,92.65,86.57,3501.0,0.263,19.2,17.0,17.5,2420.0,14.743,0.0,0.0,1.0,0.0,0.0,VQ-BGU,2019-05-11 15:49:56,2,27.22382110907194
862.4,82.86,90.35,82.92,3167.0,0.241,11.9,17.5,10.1,1351.0,14.689,0.0,0.0,0.0,0.0,0.0,VQ-BGU,2019-05-11 22:36:05,2,28.057916746365436
877.3,84.16,91.0,84.25,3054.0,0.286,13.3,20.2,11.1,3534.0,13.73,0.0,0.0,0.0,0.0,0.0,VQ-BGU,2019-05-12 02:22:16,2,28.2724405959641
937.1,87.3,92.97,87.45,3545.0,0.257,20.4,18.0,18.5,1944.0,14.596,0.0,0.0,0.0,0.0,0.0,VQ-BGU,2019-05-12 09:04:06,2,28.187130414050827
889.1,82.8,91.6,82.82,3086.0,0.259,23.9,24.7,22.1,1179.0,14.923,0.0,0.0,0.0,0.0,0.0,VQ-BGU,2019-05-12 13:49:50,2,28.20127287452041
902.0,84.3,91.67,84.37,3346.0,0.274,17.8,18.2,16.1,2030.0,14.852,0.0,0.0,1.0,0.0,0.0,VQ-BGU,2019-05-12 18:51:59,2,27.609616261727616
921.9,86.39,92.57,86.51,3446.0,0.252,19.7,18.2,18.0,1546.0,14.652,0.0,0.0,0.0,0.0,0.0,VQ-BGU,2019-05-13 09:59:22,2,27.661867458755765
898.3,85.11,91.55,85.23,3370.0,0.275,14.3,16.5,12.5,2117.0,14.397,0.0,0.0,1.0,0.0,0.0,VQ-BGU,2019-05-14 03:51:03,2,27.568647556002112
906.9,84.53,91.94,84.61,3294.0,0.264,19.7,19.0,17.9,1727.0,14.6,0.0,0.0,1.0,0.0,0.0,VQ-BGU,2019-05-14 07:28:12,2,27.51774650739518
917.8,86.28,92.41,86.42,3404.0,0.252,17.8,16.7,16.0,2389.0,14.21,0.0,0.0,1.0,0.0,0.0,VQ-BGU,2019-05-14 11:15:54,2,27.706799982429615
938.2,85.94,93.1,86.03,3233.0,0.27,25.8,24.2,23.9,3247.0,13.943,0.0,0.0,1.0,0.0,0.0,VQ-BGU,2019-05-14 14:51:16,2,27.693173286545196
933.4,87.31,92.75,87.48,3518.0,0.268,17.3,17.0,15.4,2109.0,14.407,0.0,0.0,1.0,0.0,0.0,VQ-BGU,2019-05-14 18:54:51,2,27.085362333047687
888.7,85.9,91.15,86.07,3342.0,0.287,6.1,4.7,4.4,3664.0,14.051,0.0,0.0,1.0,0.0,0.0,VQ-BGU,2019-05-15 01:46:10,2,27.711613541118872
964.5,89.22,93.94,89.43,3814.0,0.266,20.9,20.5,19.1,1609.0,14.745,0.0,0.0,1.0,0.0,0.0,VQ-BGU,2019-05-15 09:14:07,2,27.997863472392986
881.1,83.98,90.67,84.07,3296.0,0.268,10.8,11.7,9.0,1159.0,15.038,0.0,0.0,0.0,0.0,0.0,VQ-BGU,2019-05-16 03:48:09,2,27.432730977936025
910.4,83.86,92.41,83.89,3117.0,0.264,27.8,27.7,25.8,1315.0,14.895,0.0,0.0,0.0,0.0,0.0,VQ-BGU,2019-05-16 07:09:33,2,28.88182835809855
913.4,85.66,92.1,85.77,3405.0,0.262,17.9,16.7,16.2,1535.0,14.762,0.0,0.0,0.0,0.0,0.0,VQ-BGU,2019-05-16 11:07:30,2,27.504719614021383
942.1,86.7,93.42,86.81,3281.0,0.251,27.2,27.0,25.2,2599.0,14.172,0.0,0.0,0.0,0.0,0.0,VQ-BGU,2019-05-16 14:46:33,2,28.144932096611228
908.3,85.69,91.82,85.82,3442.0,0.268,13.6,13.5,11.9,1969.0,14.545,0.0,0.0,1.0,0.0,0.0,VQ-BGU,2019-05-16 18:45:08,2,26.791447595223133
864.3,83.76,90.39,83.86,3189.0,0.273,6.8,4.7,5.3,3347.0,14.357,0.0,0.0,1.0,0.0,0.0,VQ-BGU,2019-05-17 01:43:20,2,28.069132608751097
884.0,82.68,91.25,82.7,3111.0,0.273,20.1,22.2,18.0,2209.0,14.355,0.0,0.0,1.0,0.0,0.0,VQ-BGU,2019-05-17 13:39:42,2,28.074265105021876
896.3,85.7,91.32,85.85,3527.0,0.28,10.2,18.2,8.6,1560.0,14.769,0.0,0.0,0.0,0.0,0.0,VQ-BGU,2019-05-17 20:05:40,2,27.946181199524673
909.7,85.67,92.18,85.78,3259.0,0.288,19.5,23.5,17.6,2920.0,14.028,0.0,0.0,0.0,0.0,0.0,VQ-BGU,2019-05-18 00:59:21,2,28.30087333626154
924.9,86.01,92.48,86.13,3459.0,0.273,20.4,19.5,18.3,1405.0,15.212,0.0,0.0,0.0,0.0,0.0,VQ-BGU,2019-05-18 09:17:48,2,27.685783640636217
910.3,84.35,92.42,84.4,3194.0,0.253,26.6,26.5,24.5,1377.0,14.741,0.0,0.0,0.0,0.0,0.0,VQ-BGU,2019-05-18 13:46:25,2,27.82604754074385
927.0,86.7,92.37,86.85,3515.0,0.272,15.5,17.5,13.3,2203.0,14.501,0.0,0.0,1.0,0.0,0.0,VQ-BGU,2019-05-18 19:01:14,2,26.707152629257152
908.7,86.7,91.84,86.88,3401.0,0.279,9.6,9.0,7.9,3274.0,13.87,0.0,0.0,1.0,0.0,0.0,VQ-BGU,2019-05-19 01:45:17,2,27.427588620399884
947.4,88.4,93.37,88.57,3661.0,0.257,19.4,18.5,17.7,1520.0,14.691,0.0,0.0,0.0,0.0,0.0,VQ-BGU,2019-05-19 09:55:01,2,27.98224148922629
914.7,85.4,92.32,85.5,3340.0,0.26,20.5,20.0,19.0,1444.0,14.827,0.0,0.0,0.0,0.0,0.0,VQ-BGU,2019-05-19 14:26:34,2,27.593883881956124
950.8,89.92,93.32,90.12,3955.0,0.272,12.9,14.7,11.0,2123.0,14.41,0.0,0.0,0.0,0.0,0.0,VQ-BGU,2019-05-19 19:59:59,2,27.984880880189195
912.3,85.2,92.06,85.32,3377.0,0.273,19.1,19.5,17.3,1052.0,15.167,0.0,0.0,0.0,0.0,0.0,VQ-BGU,2019-05-20 09:19:47,2,27.23470820521463
880.8,81.08,91.1,81.09,2899.0,0.255,25.8,26.5,23.6,1237.0,14.84,0.0,0.0,0.0,0.0,0.0,VQ-BGU,2019-05-20 14:30:12,2,27.430250071806956
868.3,82.6,90.51,82.64,3153.0,0.269,13.6,19.0,12.2,1505.0,14.708,0.0,0.0,0.0,0.0,0.0,VQ-BGU,2019-05-20 20:12:04,2,27.517672796922373
845.4,80.48,89.78,80.49,2902.0,0.24,13.3,11.7,11.5,1827.0,14.455,0.0,0.0,1.0,0.0,0.0,VQ-BGU,2019-05-21 14:28:26,2,27.33054912556355
896.0,84.3,91.42,84.38,3246.0,0.269,17.5,21.5,15.6,1320.0,14.798,0.0,0.0,0.0,0.0,0.0,VQ-BGU,2019-05-22 03:48:57,2,27.98812103349063
970.8,89.18,94.13,89.38,3703.0,0.25,24.3,23.7,22.6,1763.0,14.566,0.0,0.0,0.0,0.0,0.0,VQ-BGU,2019-05-22 11:13:41,2,28.062949650710017
866.4,81.89,90.6,81.9,2912.0,0.252,17.8,18.0,15.9,2675.0,14.092,0.0,0.0,0.0,0.0,0.0,VQ-BGU,2019-05-22 14:52:42,2,27.388373245087642
894.4,84.53,91.3,84.62,3293.0,0.265,15.1,21.7,13.3,1911.0,14.566,0.0,0.0,0.0,0.0,0.0,VQ-BGU,2019-05-23 04:09:58,2,27.894009340453216
860.0,79.65,90.17,79.66,2743.0,0.251,22.4,20.2,20.3,2022.0,14.462,0.0,0.0,0.0,0.0,0.0,VQ-BGU,2019-05-23 07:21:52,2,26.95279252639785
926.6,86.62,92.79,86.75,3397.0,0.254,20.9,21.2,19.1,1805.0,14.53,0.0,0.0,0.0,0.0,0.0,VQ-BGU,2019-05-23 11:07:47,2,27.66973031545961
891.3,83.52,91.55,83.55,3034.0,0.278,21.3,21.2,19.1,2739.0,14.104,0.0,0.0,0.0,0.0,0.0,VQ-BGU,2019-05-23 14:46:19,2,28.080573794839268
976.3,91.48,94.17,91.67,4105.0,0.265,15.8,17.0,13.7,1845.0,14.576,0.0,0.0,0.0,0.0,0.0,VQ-BGU,2019-05-23 20:09:11,2,27.65611955648109
966.6,90.56,93.62,90.76,4077.0,0.279,13.1,10.5,11.4,2557.0,14.801,0.0,0.0,1.0,0.0,0.0,VQ-BGU,2019-05-24 09:11:21,2,27.59794683653253
848.2,78.84,89.74,78.82,2716.0,0.247,19.4,18.2,17.5,1456.0,14.802,0.0,0.0,1.0,0.0,0.0,VQ-BGU,2019-05-24 14:00:17,2,27.941183635401636
944.1,88.6,92.75,88.8,3797.0,0.275,11.9,14.5,10.0,2358.0,14.453,0.0,0.0,1.0,0.0,0.0,VQ-BGU,2019-05-24 18:58:16,2,27.280980472723172
962.4,90.6,93.45,90.8,3958.0,0.282,10.7,10.0,8.8,2772.0,14.253,0.0,0.0,1.0,0.0,0.0,VQ-BGU,2019-05-25 01:41:15,2,27.43264932348675
919.2,86.21,92.38,86.34,3406.0,0.249,18.6,17.7,16.7,1648.0,14.584,0.0,0.0,0.0,0.0,0.0,VQ-BGU,2019-05-25 10:25:30,2,26.30359479705924
889.3,83.19,91.6,83.21,3097.0,0.246,22.2,18.7,20.2,1827.0,14.529,0.0,0.0,0.0,0.0,0.0,VQ-BGU,2019-05-25 13:45:01,2,27.682618959713277
876.2,82.97,90.74,83.02,3102.0,0.269,14.3,15.2,12.4,2507.0,14.173,0.0,0.0,1.0,0.0,0.0,VQ-BGU,2019-05-26 03:47:11,2,27.19212728183753
972.2,90.4,94.24,90.6,3881.0,0.281,20.8,20.7,19.0,2041.0,14.65,0.0,0.0,0.0,0.0,0.0,VQ-BGU,2019-05-26 11:05:42,2,27.4179937010113
999.2,92.89,95.06,93.09,4158.0,0.306,19.0,21.0,16.7,2413.0,14.506,0.0,0.0,0.0,0.0,0.0,VQ-BGU,2019-05-26 15:03:24,2,27.42335484370874
965.6,89.59,93.78,89.8,3781.0,0.282,19.4,21.5,17.4,1984.0,14.625,0.0,0.0,0.0,0.0,0.0,VQ-BGU,2019-05-26 18:40:40,2,26.330523963604954
932.6,88.08,92.57,88.28,3511.0,0.276,13.4,13.7,11.5,3307.0,13.823,0.0,0.0,0.0,0.0,0.0,VQ-BGU,2019-05-27 01:31:54,2,26.651918190679606
940.8,88.44,93.43,88.64,3632.0,0.262,20.4,18.7,18.4,1779.0,14.568,0.0,0.0,0.0,0.0,0.0,VQ-BGU,2019-05-27 10:05:21,2,26.909467567165304
898.4,84.08,91.7,84.14,3222.0,0.264,19.7,17.2,18.1,1946.0,14.682,0.0,0.0,0.0,0.0,0.0,VQ-BGU,2019-05-27 14:27:26,2,26.70098106368345
980.7,90.97,94.11,91.17,4071.0,0.282,16.4,18.5,14.0,2420.0,14.377,0.0,0.0,1.0,0.0,0.0,VQ-BGU,2019-05-27 18:44:37,2,26.595573102132185
887.1,85.21,90.99,85.35,3280.0,0.278,9.0,8.2,7.1,2530.0,14.328,0.0,0.0,0.0,0.0,0.0,VQ-BGU,2019-05-28 01:30:34,2,26.460860344297135
991.4,90.84,95.03,91.03,3941.0,0.269,26.0,25.5,24.4,1572.0,14.775,0.0,0.0,0.0,0.0,0.0,VQ-BGU,2019-05-28 09:06:46,2,26.028501843710245
873.8,79.82,90.77,79.81,2778.0,0.255,27.7,28.2,25.6,982.0,15.01,0.0,0.0,0.0,0.0,0.0,VQ-BGU,2019-05-28 13:35:00,2,27.036858301631234
966.0,88.89,93.92,89.08,3757.0,0.295,22.5,27.7,20.6,1488.0,14.804,0.0,0.0,1.0,0.0,0.0,VQ-BGU,2019-05-28 19:03:37,2,26.275097526303796
908.7,86.35,91.64,86.51,3357.0,0.275,10.6,8.5,8.9,3497.0,13.93,0.0,0.0,0.0,0.0,0.0,VQ-BGU,2019-05-29 01:47:46,2,26.563456957057582
954.4,86.84,93.76,86.94,3550.0,0.276,28.4,27.2,26.3,1652.0,15.185,0.0,0.0,1.0,0.0,0.0,VQ-BGU,2019-05-29 09:53:05,2,26.75512227761496
993.0,92.05,94.79,92.25,4241.0,0.295,19.7,27.0,17.6,1576.0,14.725,0.0,0.0,0.0,0.0,0.0,VQ-BGU,2019-05-29 19:58:52,2,25.798899287479323
948.8,87.39,93.64,87.53,3508.0,0.277,26.6,26.7,24.8,1537.0,14.835,0.0,0.0,0.0,0.0,0.0,VQ-BGU,2019-05-30 09:24:03,2,26.52636191468828
967.6,89.42,93.9,89.62,3802.0,0.281,20.5,21.0,18.3,1649.0,14.63,0.0,0.0,1.0,0.0,0.0,VQ-BGU,2019-05-30 18:25:08,2,25.710889598375616
956.8,89.33,93.52,89.53,3748.0,0.27,17.3,17.0,15.5,2129.0,14.75,0.0,0.0,0.0,0.0,0.0,VQ-BGU,2019-05-31 03:09:53,2,26.671217303586495
939.1,87.27,93.36,87.4,3460.0,0.27,24.9,24.2,22.9,1501.0,14.733,0.0,0.0,0.0,0.0,0.0,VQ-BGU,2019-05-31 12:53:00,2,26.483298679023612
904.0,84.37,91.95,84.43,3296.0,0.251,21.6,21.2,19.8,953.0,15.141,0.0,0.0,0.0,0.0,0.0,VQ-BGU,2019-05-31 17:19:36,2,26.26121577600403
903.6,84.85,91.75,84.95,3387.0,0.269,17.2,22.0,14.8,1627.0,14.72,0.0,0.0,1.0,0.0,0.0,VQ-BGU,2019-05-31 22:48:00,2,26.650688444941018
893.5,83.74,91.39,83.8,2977.0,0.283,17.7,22.5,15.6,3691.0,13.628,0.0,0.0,1.0,0.0,0.0,VQ-BGU,2019-06-01 02:28:59,2,26.66394715704754
951.6,88.22,93.46,88.41,3611.0,0.288,21.6,20.0,19.8,1880.0,14.512,0.0,0.0,0.0,0.0,0.0,VQ-BGU,2019-06-01 09:19:01,2,26.691249753688844
847.3,78.73,89.91,78.71,2668.0,0.246,22.5,22.2,20.8,1109.0,14.868,0.0,0.0,0.0,0.0,0.0,VQ-BGU,2019-06-01 13:37:49,2,26.733823738003355
936.6,87.5,92.95,87.67,3565.0,0.265,19.0,19.0,16.6,2099.0,14.525,0.0,0.0,1.0,0.0,0.0,VQ-BGU,2019-06-01 18:52:34,2,26.64514287530694
977.4,91.46,94.1,91.66,3931.0,0.283,15.0,16.0,12.7,2990.0,14.074,0.0,0.0,0.0,0.0,0.0,VQ-BGU,2019-06-02 01:45:10,2,26.235284618756054
966.2,89.29,94.17,89.48,3705.0,0.273,23.6,20.5,21.9,2310.0,14.551,0.0,0.0,0.0,0.0,0.0,VQ-BGU,2019-06-02 09:19:32,2,25.74729271920831
840.5,77.35,89.51,77.33,2568.0,0.263,22.5,21.7,20.6,2050.0,14.36,0.0,0.0,1.0,0.0,0.0,VQ-BGU,2019-06-02 13:43:41,2,26.313714763686797
964.6,89.34,93.76,89.54,3791.0,0.268,19.5,23.7,18.0,1653.0,14.65,0.0,0.0,0.0,0.0,0.0,VQ-BGU,2019-06-02 18:21:32,2,26.116094833043043
922.5,86.04,92.49,86.16,3448.0,0.272,20.2,19.7,18.4,1465.0,15.203,0.0,0.0,0.0,0.0,0.0,VQ-BGU,2019-06-03 12:38:26,2,26.029954980881037
846.6,78.69,89.82,78.68,2648.0,0.235,22.5,22.2,20.3,1321.0,14.715,0.0,0.0,0.0,0.0,0.0,VQ-BGU,2019-06-03 17:06:43,2,26.679230623271806
909.1,85.97,91.85,86.12,3500.0,0.258,13.2,14.7,11.4,1998.0,14.441,0.0,0.0,1.0,0.0,0.0,VQ-BGU,2019-06-04 03:50:47,2,26.528072514186313
878.1,82.52,91.74,82.53,2978.0,0.263,26.7,31.7,24.6,2813.0,14.133,0.0,0.0,0.0,0.0,1.0,VQ-BGU,2019-06-04 14:48:11,2,27.38713436657193
945.6,88.42,93.17,88.61,3733.0,0.289,17.7,22.5,16.3,974.0,15.184,0.0,0.0,0.0,0.0,0.0,VQ-BGU,2019-06-04 18:46:16,2,26.52071600590238
951.3,88.96,93.34,89.15,3588.0,0.265,16.6,14.0,14.7,3588.0,14.01,0.0,0.0,0.0,0.0,0.0,VQ-BGU,2019-06-05 01:46:02,2,26.457086626521416
918.5,85.05,92.42,85.14,3363.0,0.282,22.9,23.0,21.0,1344.0,15.387,0.0,0.0,0.0,0.0,0.0,VQ-BGU,2019-06-05 09:11:52,2,26.292132152056965
879.2,82.06,91.32,82.07,2971.0,0.23,23.5,22.0,21.6,1360.0,14.694,0.0,0.0,0.0,0.0,0.0,VQ-BGU,2019-06-05 13:42:31,2,26.79479473070049
896.2,83.8,91.32,83.86,3254.0,0.27,18.2,23.2,16.5,1333.0,14.846,0.0,0.0,0.0,0.0,0.0,VQ-BGU,2019-06-06 03:41:55,2,26.474864199477608
944.1,86.35,93.32,86.46,3459.0,0.266,27.4,26.2,25.2,1377.0,15.274,0.0,0.0,0.0,0.0,0.0,VQ-BGU,2019-06-06 11:07:45,2,27.29915649323955
888.6,81.36,91.69,81.37,2759.0,0.247,30.5,28.2,28.4,3253.0,13.75,0.0,0.0,0.0,0.0,0.0,VQ-BGU,2019-06-06 14:47:06,2,27.124456355169546
953.0,88.92,93.56,89.12,3817.0,0.259,19.5,27.0,18.0,1347.0,14.781,0.0,0.0,0.0,0.0,0.0,VQ-BGU,2019-06-06 18:56:10,2,26.67235247910691
987.6,91.32,94.22,91.53,3902.0,0.279,16.1,18.0,14.1,3371.0,13.764,0.0,0.0,1.0,0.0,0.0,VQ-BGU,2019-06-07 01:42:23,2,25.82707756086931
952.8,87.14,93.72,87.25,3548.0,0.27,28.5,27.7,26.5,1333.0,15.313,0.0,0.0,0.0,0.0,0.0,VQ-BGU,2019-06-07 09:17:11,2,26.016308246785623
951.3,87.65,93.39,87.82,3599.0,0.301,23.3,28.2,21.8,1956.0,14.681,0.0,0.0,0.0,0.0,0.0,VQ-BGU,2019-06-07 19:03:07,2,25.144051664514507
1002.8,91.79,94.97,92.0,3856.0,0.288,21.2,20.7,19.2,3691.0,13.646,0.0,0.0,1.0,0.0,0.0,VQ-BGU,2019-06-08 01:56:48,2,26.319677548179953
951.2,86.67,93.66,86.77,3482.0,0.277,29.5,29.0,27.5,1381.0,15.346,0.0,0.0,0.0,0.0,0.0,VQ-BGU,2019-06-08 09:42:51,2,25.471500962240157
863.8,79.24,90.47,79.23,2707.0,0.251,26.5,28.0,24.6,1065.0,14.863,0.0,0.0,0.0,0.0,0.0,VQ-BGU,2019-06-08 13:53:11,2,26.456022819505087
953.5,88.92,93.75,89.12,3737.0,0.28,21.1,27.0,19.7,2125.0,14.491,0.0,0.0,0.0,0.0,0.0,VQ-BGU,2019-06-08 18:39:53,2,26.08882659001397
973.5,88.74,94.21,88.92,3682.0,0.275,27.5,28.7,25.5,968.0,15.108,0.0,0.0,0.0,0.0,0.0,VQ-BGU,2019-06-10 16:08:12,2,26.36642660611399
837.8,78.32,89.42,78.31,2709.0,0.257,19.8,23.5,17.9,1874.0,14.48,0.0,0.0,0.0,0.0,0.0,VQ-BGU,2019-06-10 22:56:21,2,25.43577969774089
980.9,90.01,94.53,90.21,3895.0,0.266,25.1,25.7,23.0,966.0,15.008,0.0,0.0,0.0,0.0,0.0,VQ-BGU,2019-06-11 07:10:13,2,25.772772989086377
869.3,80.78,90.69,80.78,2866.0,0.257,23.4,21.5,21.3,1244.0,15.045,0.0,0.0,0.0,0.0,0.0,VQ-BGU,2019-06-11 13:28:06,2,25.62817740091275
958.6,88.11,93.75,88.27,3620.0,0.269,24.1,25.2,21.7,1540.0,14.755,0.0,0.0,1.0,0.0,0.0,VQ-BGU,2019-06-11 19:20:37,2,25.656362458184493
944.3,86.75,93.26,86.86,3476.0,0.263,25.5,25.2,23.4,1435.0,15.101,0.0,0.0,0.0,0.0,0.0,VQ-BGU,2019-06-12 09:14:00,2,26.238039310416156
910.1,83.89,92.32,83.91,3133.0,0.264,27.4,26.2,25.3,1366.0,14.771,0.0,0.0,0.0,0.0,0.0,VQ-BGU,2019-06-12 13:41:13,2,25.80190836311329
928.9,86.46,92.63,86.59,3558.0,0.277,18.8,17.2,17.2,2101.0,15.212,0.0,0.0,1.0,0.0,0.0,VQ-BGU,2019-06-12 18:55:29,2,25.898838202283375
985.8,91.32,94.53,91.51,3946.0,0.285,19.8,20.0,17.7,2884.0,14.481,0.0,0.0,0.0,0.0,0.0,VQ-BGU,2019-06-13 01:45:38,2,25.511725373817892
892.1,81.74,91.61,81.75,2934.0,0.265,27.2,26.5,25.1,1394.0,14.774,0.0,0.0,1.0,0.0,0.0,VQ-BGU,2019-06-13 13:40:34,2,26.014685101045547
937.1,87.77,92.77,87.96,3683.0,0.279,16.2,19.2,15.2,1332.0,14.934,0.0,0.0,0.0,0.0,0.0,VQ-BGU,2019-06-13 18:22:15,2,25.54312429494826
894.0,84.46,91.21,84.56,3270.0,0.256,14.3,14.0,12.4,1534.0,14.648,0.0,0.0,0.0,0.0,0.0,VQ-BGU,2019-06-15 03:52:36,2,25.664553770480943
947.8,88.46,93.23,88.67,3657.0,0.269,18.0,17.5,16.3,1748.0,14.557,0.0,0.0,0.0,0.0,0.0,VQ-BGU,2019-06-15 11:11:25,2,25.508945928535027
960.8,87.32,94.12,87.42,3315.0,0.25,31.7,30.7,29.5,2812.0,14.029,0.0,0.0,0.0,0.0,0.0,VQ-BGU,2019-06-15 14:44:41,2,26.41601440429761
963.0,89.92,93.59,90.13,3878.0,0.279,16.4,18.7,14.3,1898.0,14.522,0.0,0.0,0.0,0.0,0.0,VQ-BGU,2019-06-15 18:32:40,2,24.964111338468463
916.0,84.14,92.64,84.14,3179.0,0.258,28.7,29.2,26.8,1314.0,14.812,0.0,0.0,0.0,0.0,0.0,VQ-BGU,2019-06-16 14:21:47,2,25.900757583714306
965.6,89.59,93.63,89.79,3887.0,0.271,17.9,21.5,16.0,1580.0,14.75,0.0,0.0,0.0,0.0,0.0,VQ-BGU,2019-06-16 19:05:18,2,24.87181331573986
968.0,89.67,93.93,89.87,3800.0,0.265,20.2,20.0,18.5,2028.0,14.632,0.0,0.0,0.0,0.0,0.0,VQ-BGU,2019-06-17 03:53:17,2,24.683998608003755
984.8,89.82,94.59,90.03,3831.0,0.263,25.2,25.2,23.3,1760.0,14.59,0.0,0.0,1.0,0.0,0.0,VQ-BGU,2019-06-17 12:46:58,2,25.08416140937569
899.8,82.32,91.77,82.33,2996.0,0.248,26.5,27.0,24.3,1327.0,14.763,0.0,0.0,1.0,0.0,0.0,VQ-BGU,2019-06-17 17:08:05,2,25.40087255389206
867.0,79.43,90.71,79.42,2724.0,0.243,28.4,28.2,26.1,867.0,15.287,0.0,0.0,0.0,0.0,0.0,VQ-BGU,2019-06-18 07:07:24,2,25.92694425272726
949.0,86.21,93.31,86.29,3495.0,0.268,27.0,26.2,25.0,1682.0,15.129,0.0,0.0,1.0,0.0,0.0,VQ-BGU,2019-06-18 12:46:13,2,26.498296246638226
889.9,81.92,91.55,81.93,2977.0,0.25,25.9,27.0,23.7,1416.0,14.7,0.0,0.0,1.0,0.0,0.0,VQ-BGU,2019-06-18 17:13:18,2,26.363124617931238
857.5,80.35,90.22,80.35,2903.0,0.255,20.4,23.0,18.4,1970.0,14.499,0.0,0.0,0.0,0.0,0.0,VQ-BGU,2019-06-18 21:26:56,2,25.180966955030474
941.1,85.53,93.05,85.6,3442.0,0.27,26.6,25.7,24.8,1635.0,15.202,0.0,0.0,1.0,0.0,0.0,VQ-BGU,2019-06-19 09:29:06,2,26.668820070953803
889.6,81.2,91.44,81.21,2886.0,0.258,28.0,26.5,25.9,2014.0,14.414,0.0,0.0,1.0,0.0,0.0,VQ-BGU,2019-06-19 13:45:38,2,25.706332782163848
957.0,87.82,93.55,87.98,3575.0,0.281,23.0,25.7,20.7,1890.0,14.524,0.0,0.0,1.0,0.0,0.0,VQ-BGU,2019-06-19 18:29:05,2,24.679999527614616
963.5,87.64,93.92,87.77,3531.0,0.268,28.4,27.2,26.1,1541.0,14.756,0.0,0.0,0.0,0.0,0.0,VQ-BGU,2019-06-20 09:22:01,2,25.327969175630184
886.2,81.92,91.66,81.95,2986.0,0.257,27.9,28.2,25.9,1288.0,14.886,0.0,0.0,0.0,0.0,0.0,VQ-BGU,2019-06-20 13:56:04,2,25.985417026782393
927.1,86.17,92.68,86.29,3460.0,0.249,21.9,27.7,20.0,1424.0,14.702,0.0,0.0,0.0,0.0,0.0,VQ-BGU,2019-06-20 18:47:31,2,25.902779075086663
874.0,80.61,90.97,80.61,2850.0,0.243,26.4,29.5,24.4,1331.0,14.796,0.0,0.0,0.0,0.0,0.0,VQ-BGU,2019-06-20 21:46:39,2,26.381318506224023
906.4,82.57,92.07,82.57,3055.0,0.245,28.0,28.5,26.1,727.0,15.182,0.0,0.0,1.0,0.0,0.0,VQ-BGU,2019-06-21 07:39:46,2,25.796005425767206
956.6,86.61,93.74,86.71,3496.0,0.261,29.9,30.0,27.7,1104.0,14.908,0.0,0.0,1.0,0.0,0.0,VQ-BGU,2019-06-21 11:51:54,2,26.137764333485364
926.0,84.21,92.8,84.25,3035.0,0.254,29.5,28.7,27.4,2718.0,14.076,0.0,0.0,1.0,0.0,0.0,VQ-BGU,2019-06-21 15:12:10,2,25.68182128779612
948.9,87.79,93.48,87.95,3622.0,0.261,23.8,29.0,22.1,1464.0,14.736,0.0,0.0,0.0,0.0,0.0,VQ-BGU,2019-06-21 18:55:33,2,25.423658840634573
929.1,87.37,92.73,87.54,3371.0,0.277,17.7,17.7,15.7,3008.0,13.965,0.0,0.0,0.0,0.0,0.0,VQ-BGU,2019-06-22 01:51:26,2,26.08976516263528
1004.0,90.78,95.31,90.97,3990.0,0.273,29.2,28.5,27.3,1569.0,15.014,0.0,0.0,1.0,0.0,0.0,VQ-BGU,2019-06-22 09:14:55,2,25.85824877949058
932.5,83.99,93.12,84.0,3154.0,0.26,33.5,31.7,31.4,1536.0,14.919,0.0,0.0,1.0,0.0,0.0,VQ-BGU,2019-06-22 13:44:12,2,25.92208681474979
900.0,83.74,91.68,83.78,3150.0,0.268,22.1,21.5,20.0,2256.0,14.26,0.0,0.0,0.0,0.0,0.0,VQ-BGU,2019-06-22 23:06:43,2,25.794763889916666
919.0,85.35,92.7,85.43,3060.0,0.276,25.2,27.7,23.0,3946.0,13.464,0.0,0.0,0.0,0.0,0.0,VQ-BGU,2019-06-23 02:40:48,2,26.802817717412246
988.5,90.74,94.82,90.95,3950.0,0.262,25.2,24.5,23.4,1426.0,14.796,0.0,0.0,0.0,0.0,0.0,VQ-BGU,2019-06-23 09:27:01,2,25.501204503776602
925.7,84.03,93.07,84.04,3162.0,0.261,32.8,34.2,30.7,1241.0,14.851,0.0,0.0,0.0,0.0,0.0,VQ-BGU,2019-06-23 14:06:45,2,26.49878820903244
925.4,86.19,92.69,86.31,3422.0,0.282,21.6,22.2,19.7,1545.0,14.83,0.0,0.0,0.0,0.0,0.0,VQ-BGU,2019-06-23 18:53:27,2,25.836770291355485
991.3,91.33,94.78,91.53,3839.0,0.293,21.7,21.0,19.6,3505.0,13.966,0.0,0.0,1.0,0.0,0.0,VQ-BGU,2019-06-24 01:42:59,2,25.69111363433036
979.4,90.16,94.4,90.35,3882.0,0.258,23.5,22.7,21.6,1310.0,14.871,0.0,0.0,0.0,0.0,0.0,VQ-BGU,2019-06-24 09:04:21,2,25.21788368672148
980.3,89.79,94.26,90.0,3928.0,0.299,22.0,23.7,20.4,1525.0,15.038,0.0,0.0,1.0,0.0,0.0,VQ-BGU,2019-06-24 18:38:41,2,25.401257376774517
969.6,89.73,94.1,89.93,3545.0,0.289,21.9,21.5,19.8,3884.0,13.607,0.0,0.0,0.0,0.0,0.0,VQ-BGU,2019-06-25 01:31:03,2,25.044981185843426
934.2,84.81,93.39,84.82,3211.0,0.253,34.3,35.0,32.3,1372.0,14.816,0.0,0.0,0.0,0.0,0.0,VQ-BGU,2019-06-25 13:35:02,2,25.40047830515742
959.3,88.71,93.63,88.92,3721.0,0.288,20.6,20.0,18.8,2047.0,14.642,0.0,0.0,0.0,0.0,0.0,VQ-BGU,2019-06-25 18:21:12,2,23.818027202334427
937.4,86.89,93.03,87.01,3468.0,0.266,22.6,20.2,20.6,2122.0,14.626,0.0,0.0,0.0,0.0,0.0,VQ-BGU,2019-06-26 12:45:57,2,24.40589430689073
890.0,84.35,91.13,84.45,3267.0,0.283,14.1,15.5,12.1,1534.0,14.722,0.0,0.0,0.0,0.0,0.0,VQ-BGU,2019-06-27 02:40:41,2,25.126314640910877
903.7,83.46,92.23,83.48,3126.0,0.258,28.0,28.0,26.3,1343.0,14.836,0.0,0.0,0.0,0.0,0.0,VQ-BGU,2019-06-27 07:09:08,2,25.728069276291706
942.6,88.78,93.07,88.98,3702.0,0.294,14.7,16.2,12.7,2663.0,14.225,0.0,0.0,1.0,0.0,0.0,VQ-BGU,2019-06-27 12:43:14,2,24.369551253638384
909.6,83.32,92.4,83.34,3075.0,0.247,29.1,29.7,27.0,1965.0,14.375,0.0,0.0,1.0,0.0,0.0,VQ-BGU,2019-06-27 17:10:05,2,25.199397811886023
905.5,85.1,91.69,85.21,3310.0,0.273,15.9,18.2,13.8,2373.0,14.207,0.0,0.0,1.0,0.0,0.0,VQ-BGU,2019-06-27 21:38:48,2,24.89038538976657
910.8,86.0,91.88,86.16,3468.0,0.262,13.3,13.2,11.6,2170.0,14.424,0.0,0.0,1.0,0.0,0.0,VQ-BGU,2019-06-28 01:45:21,2,25.30814998623257
908.4,83.12,92.26,83.15,3071.0,0.255,27.7,25.7,25.8,1750.0,14.557,0.0,0.0,1.0,0.0,0.0,VQ-BGU,2019-06-28 13:35:30,2,24.78585712599517
946.7,89.58,93.02,89.78,3830.0,0.3,11.7,12.5,9.8,2388.0,14.466,0.0,1.0,0.0,0.0,0.0,VQ-BGU,2019-06-28 18:20:13,2,25.24530603211403
905.6,85.89,91.57,86.04,3432.0,0.27,10.6,11.0,8.6,2179.0,14.418,0.0,0.0,1.0,0.0,0.0,VQ-BGU,2019-06-29 12:45:21,2,24.935564685473523
928.1,85.82,92.71,85.92,3413.0,0.249,23.4,24.0,21.6,1288.0,14.809,0.0,0.0,0.0,0.0,0.0,VQ-BGU,2019-06-29 17:11:36,2,24.85009153590557
896.6,84.48,91.07,84.59,3356.0,0.269,11.7,15.2,9.9,1958.0,14.576,0.0,0.0,1.0,0.0,0.0,VQ-BGU,2019-06-29 21:27:05,2,24.995295630463026
866.9,82.17,90.46,82.18,3021.0,0.274,15.5,18.2,13.6,2279.0,14.44,0.0,0.0,0.0,0.0,0.0,VQ-BGU,2019-06-30 02:15:17,2,25.65508943033759
971.3,89.71,94.37,89.9,3705.0,0.268,24.2,23.0,22.4,2160.0,14.433,0.0,0.0,0.0,0.0,0.0,VQ-BGU,2019-07-01 12:45:07,2,23.923843718420986
916.1,85.28,92.32,85.36,3303.0,0.27,20.9,24.2,18.9,2885.0,13.967,0.0,0.0,1.0,0.0,0.0,VQ-BGU,2019-07-01 22:17:54,2,24.765783090754415
894.5,84.24,91.42,84.32,3251.0,0.25,17.3,18.0,15.2,1502.0,14.641,0.0,0.0,0.0,0.0,0.0,VQ-BGU,2019-07-02 03:46:44,2,24.347052356137084
913.1,83.75,92.35,83.77,3182.0,0.264,27.2,27.5,25.0,1198.0,14.879,0.0,0.0,1.0,0.0,0.0,VQ-BGU,2019-07-02 13:55:36,2,25.748715689353972
952.6,88.19,93.08,88.38,3619.0,0.265,18.7,18.7,16.7,1830.0,14.549,0.0,0.0,0.0,0.0,0.0,VQ-BGU,2019-07-03 07:16:06,2,23.744873486700843
918.6,83.67,92.6,83.69,3118.0,0.243,31.5,30.7,29.1,1302.0,14.743,0.0,0.0,0.0,0.0,0.0,VQ-BGU,2019-07-03 11:51:50,2,24.560481005872866
948.3,88.43,93.25,88.61,3699.0,0.26,18.0,18.2,15.9,1374.0,14.816,0.0,0.0,0.0,0.0,0.0,VQ-BGU,2019-07-04 12:51:38,2,24.049969732884076
879.0,83.84,90.58,83.94,3255.0,0.271,10.2,14.0,8.6,1961.0,14.52,0.0,0.0,0.0,0.0,0.0,VQ-BGU,2019-07-04 22:08:17,2,24.829764137419474
899.3,83.7,91.72,83.74,3128.0,0.258,22.3,21.5,20.3,1744.0,14.592,0.0,0.0,0.0,0.0,0.0,VQ-BGU,2019-07-05 03:17:09,2,24.356036291843814
963.9,90.27,93.96,90.49,3901.0,0.268,18.4,16.5,16.5,2326.0,14.55,0.0,0.0,0.0,0.0,0.0,VQ-BGU,2019-07-05 09:07:51,2,24.597562604379878
966.8,90.02,93.78,90.21,3829.0,0.294,18.0,17.0,16.2,2646.0,14.458,0.0,0.0,0.0,0.0,0.0,VQ-BGU,2019-07-06 12:40:04,2,23.5071568000547
917.6,85.36,92.61,85.45,3301.0,0.264,24.9,25.7,22.6,2118.0,14.394,0.0,0.0,0.0,0.0,0.0,VQ-BGU,2019-07-06 17:09:17,2,24.557300266082045
883.0,83.95,90.67,84.03,3178.0,0.262,11.2,10.7,9.4,2972.0,13.944,0.0,0.0,0.0,0.0,0.0,VQ-BGU,2019-07-06 22:15:14,2,25.05738576570762
916.6,85.22,92.5,85.31,3261.0,0.273,24.6,25.2,22.3,2526.0,14.298,0.0,0.0,0.0,0.0,0.0,VQ-BGU,2019-07-07 03:21:21,2,25.47623812789998
997.5,92.19,94.58,92.39,4270.0,0.276,16.8,16.2,14.9,1983.0,14.848,0.0,0.0,0.0,0.0,0.0,VQ-BGU,2019-07-07 09:13:05,2,24.804528315545063
928.0,84.4,92.91,84.43,3200.0,0.263,31.4,32.7,29.4,1226.0,14.865,0.0,0.0,0.0,0.0,0.0,VQ-BGU,2019-07-07 13:59:13,2,24.596700229198184
961.2,89.92,93.57,90.12,3878.0,0.28,16.4,16.7,14.3,2745.0,14.448,0.0,0.0,0.0,0.0,0.0,VQ-BGU,2019-07-07 19:02:28,2,24.043089116288986
954.1,89.46,93.29,89.65,3825.0,0.269,15.9,18.2,13.3,2013.0,14.389,0.0,0.0,0.0,0.0,0.0,VQ-BGU,2019-07-08 18:56:49,2,23.143988200073935
979.4,89.99,94.35,90.19,3603.0,0.302,23.5,25.0,21.5,3686.0,13.644,0.0,0.0,0.0,0.0,0.0,VQ-BGU,2019-07-09 01:34:01,2,23.220757196894063
952.7,88.17,93.41,88.35,3630.0,0.29,21.2,22.0,18.9,1613.0,14.973,0.0,0.0,0.0,0.0,0.0,VQ-BGU,2019-07-09 09:11:57,2,23.08999268020377
935.6,85.62,93.32,85.68,3317.0,0.269,31.2,33.5,29.3,2350.0,14.368,0.0,0.0,0.0,0.0,0.0,VQ-BGU,2019-07-09 13:42:39,2,23.344003840603378
936.8,87.08,92.39,87.26,3542.0,0.276,14.6,18.2,12.7,2020.0,14.491,0.0,0.0,1.0,0.0,0.0,VQ-BGU,2019-07-09 18:51:50,2,23.511766214875824
1019.6,92.89,95.38,93.1,4117.0,0.281,22.8,22.2,20.4,3160.0,14.363,0.0,0.0,0.0,0.0,0.0,VQ-BGU,2019-07-10 01:47:13,2,23.782394042722114
942.6,87.92,92.94,88.11,3573.0,0.305,16.5,15.5,14.5,2495.0,14.374,0.0,0.0,1.0,0.0,0.0,VQ-BGU,2019-07-10 09:52:53,2,23.040058302077192
879.5,82.77,90.9,82.81,3159.0,0.29,15.9,14.7,14.3,1612.0,14.7,0.0,0.0,1.0,0.0,0.0,VQ-BGU,2019-07-10 12:42:34,2,23.414269350236108
1013.5,93.14,95.37,93.35,4258.0,0.278,22.2,22.7,19.5,1657.0,14.686,0.0,0.0,0.0,0.0,0.0,VQ-BGU,2019-07-14 03:46:15,2,23.337849584473155
939.1,86.91,92.75,87.06,3497.0,0.276,19.7,19.5,17.8,1819.0,14.792,0.0,0.0,0.0,0.0,0.0,VQ-BGU,2019-07-14 12:41:29,2,23.15733784524277
928.5,86.86,92.76,87.01,3498.0,0.256,20.2,21.0,18.1,1655.0,14.589,0.0,0.0,0.0,0.0,0.0,VQ-BGU,2019-07-14 17:07:10,2,23.551819614300165
878.3,82.71,90.61,82.75,3110.0,0.27,15.2,15.5,13.4,2351.0,14.299,0.0,0.0,0.0,0.0,0.0,VQ-BGU,2019-07-15 12:22:03,2,23.13696463245713
935.7,86.25,93.23,86.35,3274.0,0.258,27.7,27.7,25.4,2472.0,14.275,0.0,0.0,0.0,0.0,0.0,VQ-BGU,2019-07-15 15:27:22,2,23.839750138802746
974.8,91.27,93.92,91.47,4127.0,0.261,14.7,18.0,12.5,1681.0,14.538,0.0,0.0,0.0,0.0,0.0,VQ-BGU,2019-07-15 18:57:39,2,23.511304553301716
920.0,84.65,92.77,84.69,3231.0,0.35,29.0,28.5,10.649999999999999,2653.0,14.488,0.0,0.0,0.0,0.0,0.0,VQ-BGU,2019-07-16 13:34:01,2,23.19800568537853
929.1,87.06,92.53,87.22,3506.0,0.287,15.8,20.2,13.7,2680.0,14.143,0.0,0.0,1.0,0.0,0.0,VQ-BGU,2019-07-16 19:01:45,2,23.365827915088452
952.4,88.81,93.23,89.0,3669.0,0.281,16.9,16.7,14.7,2531.0,14.253,0.0,0.0,0.0,0.0,0.0,VQ-BGU,2019-07-17 19:08:37,2,22.82026535471132
904.9,82.99,92.07,83.0,3084.0,0.266,26.7,24.7,24.7,1777.0,14.55,0.0,0.0,1.0,0.0,0.0,VQ-BGU,2019-07-18 13:31:58,2,23.620162645994547
951.5,89.17,93.15,89.39,3823.0,0.289,14.6,19.0,13.0,1464.0,14.854,0.0,0.0,0.0,0.0,0.0,VQ-BGU,2019-07-18 18:35:19,2,22.829862323576755
980.1,90.85,94.35,91.06,3975.0,0.271,20.3,19.7,18.2,2101.0,14.53,0.0,0.0,0.0,0.0,0.0,VQ-BGU,2019-07-19 12:45:58,2,22.707433708379913
895.2,82.91,91.7,82.92,3163.0,0.345,24.6,25.7,22.6,2499.0,14.601,0.0,0.0,0.0,0.0,0.0,VQ-BGU,2019-07-19 17:09:27,2,22.7208643482131
994.1,91.74,94.8,91.94,4128.0,0.262,21.0,20.0,18.9,1610.0,14.674,0.0,0.0,0.0,0.0,0.0,VQ-BGU,2019-07-21 09:30:14,2,22.84832967883714
951.3,85.19,93.89,85.21,3253.0,0.342,37.0,36.7,34.9,2674.0,14.516,0.0,0.0,0.0,0.0,0.0,VQ-BGU,2019-07-21 14:10:37,2,22.154983980422333
955.9,88.78,93.42,88.99,3777.0,0.274,18.4,23.0,16.4,1610.0,14.75,0.0,0.0,0.0,0.0,0.0,VQ-BGU,2019-07-21 18:31:39,2,22.23964115046197
972.0,89.6,94.28,89.81,3777.0,0.263,24.3,23.7,22.2,1618.0,14.592,0.0,0.0,0.0,0.0,0.0,VQ-BGU,2019-07-22 12:42:52,2,22.978722031816766
898.7,83.42,91.76,83.44,3158.0,0.263,23.9,25.5,21.7,777.0,15.136,0.0,0.0,0.0,0.0,0.0,VQ-BGU,2019-07-23 14:31:21,2,23.076901388381003
963.8,89.36,93.56,89.57,3777.0,0.281,18.3,20.0,16.3,1736.0,14.643,0.0,0.0,0.0,0.0,0.0,VQ-BGU,2019-07-23 19:23:54,2,21.944096881325972
931.0,85.94,92.8,86.03,3403.0,0.255,24.4,24.7,22.3,1407.0,14.787,0.0,0.0,0.0,0.0,0.0,VQ-BGU,2019-07-24 17:22:43,2,23.21172443267278
907.6,85.71,91.71,85.83,3420.0,0.258,14.5,19.5,12.6,1697.0,14.587,0.0,0.0,0.0,0.0,0.0,VQ-BGU,2019-07-24 22:09:53,2,23.398086873686218
900.2,84.31,91.47,84.41,3220.0,0.252,17.7,19.0,16.0,1550.0,14.598,0.0,0.0,0.0,0.0,0.0,VQ-BGU,2019-07-25 03:26:53,2,23.561788284929598
954.3,88.71,93.32,88.92,3667.0,0.267,18.1,17.5,16.1,2392.0,14.198,0.0,0.0,0.0,0.0,0.0,VQ-BGU,2019-07-25 09:08:31,2,23.268643250225743
963.1,89.28,93.7,89.48,3785.0,0.286,19.8,22.0,17.6,1676.0,14.732,0.0,0.0,0.0,0.0,0.0,VQ-BGU,2019-07-25 18:30:27,2,21.912374851459845
939.2,86.14,93.02,86.24,3400.0,0.252,25.8,26.5,23.8,1449.0,14.753,0.0,0.0,0.0,0.0,0.0,VQ-BGU,2019-07-26 17:18:32,2,21.95091976708943
953.5,86.85,93.69,86.96,3496.0,0.261,28.3,27.7,26.2,1646.0,14.699,0.0,0.0,1.0,0.0,0.0,VQ-BGU,2019-07-27 11:17:11,2,22.06419660856713
1000.3,90.39,94.68,90.6,3925.0,0.284,25.2,27.0,22.7,2042.0,14.661,0.0,0.0,1.0,0.0,0.0,VQ-BGU,2019-07-27 18:40:52,2,21.617778997957764
986.9,90.2,94.69,90.4,3840.0,0.256,25.9,26.2,23.8,1413.0,14.717,0.0,0.0,0.0,0.0,0.0,VQ-BGU,2019-07-28 09:46:31,2,21.537376138261763
971.8,89.8,94.02,90.0,3812.0,0.282,21.0,23.5,19.0,1979.0,14.567,0.0,0.0,0.0,0.0,0.0,VQ-BGU,2019-07-28 18:44:10,2,21.283248796542118
855.7,81.15,89.8,81.17,2993.0,0.267,12.6,14.0,10.7,1946.0,14.6,0.0,0.0,0.0,0.0,0.0,VQ-BGU,2019-07-29 22:19:01,2,21.71426006714069
871.0,81.11,90.68,81.13,2924.0,0.255,21.4,24.0,19.5,1802.0,14.436,0.0,0.0,0.0,0.0,0.0,VQ-BGU,2019-07-30 02:25:40,2,23.551807661767814
912.1,85.69,91.75,85.82,3397.0,0.278,14.4,15.0,12.7,1662.0,14.725,0.0,0.0,0.0,0.0,0.0,VQ-BGU,2019-07-30 09:06:48,2,23.560604504684697
904.3,85.18,91.66,85.29,3349.0,0.257,15.5,16.0,13.5,1361.0,14.782,0.0,0.0,0.0,0.0,0.0,VQ-BGU,2019-08-01 12:23:20,2,24.45072779686742
888.2,81.72,91.37,81.72,2984.0,0.261,25.4,24.5,23.6,1587.0,14.692,0.0,0.0,0.0,0.0,0.0,VQ-BGU,2019-08-02 12:27:51,2,22.981544433556238
920.1,86.71,92.0,86.87,3493.0,0.28,13.3,15.0,11.4,1915.0,14.606,0.0,0.0,0.0,0.0,0.0,VQ-BGU,2019-08-02 18:56:28,2,23.825246845955945
1001.0,91.52,94.96,91.71,3853.0,0.275,22.4,24.2,20.5,3482.0,13.699,0.0,0.0,1.0,0.0,0.0,VQ-BGU,2019-08-03 01:49:27,2,22.09528802131834
920.6,84.14,92.71,84.17,3073.0,0.266,30.4,29.7,27.7,2754.0,14.11,0.0,0.0,0.0,0.0,0.0,VQ-BGU,2019-08-04 15:10:15,2,22.828662947157294
875.0,81.25,90.85,81.25,2945.0,0.28,22.5,23.5,20.6,1218.0,15.045,0.0,0.0,0.0,0.0,0.0,VQ-BGU,2019-08-05 07:13:08,2,22.724282417377157
894.3,82.67,91.56,82.68,3021.0,0.256,24.0,23.2,21.8,2485.0,14.238,0.0,0.0,0.0,0.0,0.0,VQ-BGU,2019-08-05 15:16:56,2,23.05380514298603
968.6,89.16,94.0,89.35,3683.0,0.276,23.0,22.2,21.0,1706.0,14.609,0.0,0.0,0.0,0.0,0.0,VQ-BGU,2019-08-06 03:32:32,2,22.419792869740476
1032.6,93.96,96.28,94.16,4327.0,0.311,26.5,26.5,24.5,2860.0,14.732,0.0,0.0,0.0,0.0,0.0,VQ-BGU,2019-08-06 15:17:38,2,22.48293595031734
933.3,87.24,92.53,87.41,3367.0,0.277,16.3,17.5,14.5,3818.0,13.555,0.0,0.0,0.0,0.0,0.0,VQ-BGU,2019-08-07 01:34:02,2,22.258259856244663
965.1,85.67,94.1,85.71,3298.0,0.259,37.5,37.0,35.1,2074.0,14.393,0.0,0.0,1.0,0.0,0.0,VQ-BGU,2019-08-08 13:55:28,2,22.13198841541456
908.1,85.58,91.65,85.72,3359.0,0.276,14.8,15.0,12.7,1934.0,14.521,0.0,0.0,0.0,0.0,0.0,VQ-BGU,2019-08-10 03:42:25,2,22.61073203932252
917.7,84.51,92.57,84.56,3209.0,0.239,27.6,25.7,25.6,1273.0,14.754,0.0,0.0,0.0,0.0,0.0,VQ-BGU,2019-08-10 14:54:48,2,22.548138265709618
1006.1,92.98,94.99,93.19,4048.0,0.285,18.8,24.5,16.2,3389.0,13.832,0.0,0.0,0.0,0.0,0.0,VQ-BGU,2019-08-11 01:45:34,2,22.221051788357467
910.4,84.88,91.72,84.98,3333.0,0.273,17.9,17.5,16.0,1551.0,14.915,0.0,0.0,0.0,0.0,0.0,VQ-BGU,2019-08-11 09:09:03,2,22.194051660376672
912.2,83.49,92.36,83.5,3143.0,0.256,28.8,27.2,26.7,1690.0,14.609,0.0,0.0,0.0,0.0,0.0,VQ-BGU,2019-08-12 14:17:32,2,22.396961707280933
953.3,88.65,93.14,88.85,3774.0,0.276,17.7,21.5,15.3,1603.0,14.708,0.0,0.0,0.0,0.0,0.0,VQ-BGU,2019-08-12 19:09:49,2,22.324157090893447
996.5,91.15,95.0,91.36,3937.0,0.264,25.6,23.0,23.6,2436.0,14.598,0.0,0.0,0.0,0.0,0.0,VQ-BGU,2019-08-13 04:21:51,2,21.7679185987336
929.8,84.89,92.71,84.96,3340.0,0.269,26.5,27.0,24.4,1527.0,14.835,0.0,0.0,1.0,0.0,0.0,VQ-BGU,2019-08-13 17:15:04,2,21.970730225165273
916.6,83.75,92.6,83.76,3093.0,0.256,30.8,27.5,28.9,2198.0,14.363,0.0,0.0,0.0,0.0,0.0,VQ-BGU,2019-08-14 13:44:39,2,21.975615014611638
1044.1,94.36,96.73,94.56,4310.0,0.308,30.0,31.5,27.8,2322.0,14.568,0.0,0.0,0.0,0.0,0.0,VQ-BGU,2019-08-15 15:26:08,2,21.968058460221922
938.6,88.0,92.97,88.18,3624.0,0.252,17.1,17.0,15.3,1605.0,14.604,0.0,0.0,0.0,0.0,0.0,VQ-BGU,2019-08-16 12:49:42,2,21.897100018931447
869.3,81.85,90.44,81.88,3026.0,0.243,14.9,15.5,13.1,1505.0,14.624,0.0,0.0,1.0,0.0,0.0,VQ-BGU,2019-08-16 21:21:24,2,22.467959256136204
873.3,80.27,90.5,80.28,2859.0,0.25,22.0,25.7,19.9,1535.0,14.658,0.0,0.0,1.0,0.0,0.0,VQ-BGU,2019-08-17 01:15:26,2,22.787784134127783
923.5,87.14,92.32,87.32,3544.0,0.241,14.4,16.2,12.5,2214.0,14.163,0.0,0.0,0.0,0.0,0.0,VQ-BGU,2019-08-17 03:50:54,2,25.67601048897173
894.9,82.75,91.45,82.77,3037.0,0.264,21.7,19.2,19.4,2070.0,14.513,0.0,0.0,1.0,0.0,0.0,VQ-BGU,2019-08-17 07:10:04,2,23.294751131668477
895.6,82.81,91.57,82.82,3020.0,0.27,24.9,26.2,22.4,2219.0,14.345,0.0,0.0,0.0,0.0,0.0,VQ-BGU,2019-08-17 16:01:30,2,23.20553502492622
912.3,85.2,92.04,85.29,3338.0,0.253,19.4,18.5,17.4,1594.0,14.636,0.0,0.0,0.0,0.0,0.0,VQ-BGU,2019-08-18 14:47:11,2,23.748460745121463
930.7,85.64,92.98,85.72,3332.0,0.245,26.9,25.7,24.9,1499.0,14.652,0.0,0.0,0.0,0.0,0.0,VQ-BGU,2019-08-20 12:09:23,2,23.100258852954703
947.5,86.21,93.64,86.28,3308.0,0.251,32.0,33.5,29.7,2386.0,14.25,0.0,0.0,0.0,0.0,0.0,VQ-BGU,2019-08-20 15:20:05,2,22.711160233634278
905.5,83.89,91.7,83.94,3294.0,0.27,19.7,24.5,17.6,1554.0,14.706,0.0,0.0,1.0,0.0,0.0,VQ-BGU,2019-08-20 22:10:41,2,23.79517055883755
883.0,83.26,90.81,83.32,3168.0,0.247,14.6,13.7,12.7,1601.0,14.633,0.0,0.0,0.0,0.0,0.0,VQ-BGU,2019-08-21 03:23:56,2,23.95367160414513
936.6,86.03,92.96,86.14,3427.0,0.257,25.1,26.2,23.2,831.0,15.129,0.0,0.0,0.0,0.0,0.0,VQ-BGU,2019-08-21 09:16:37,2,24.4283831454026
914.1,85.33,92.14,85.42,3381.0,0.274,21.7,25.7,18.7,1573.0,14.784,0.0,0.0,0.0,0.0,0.0,VQ-BGU,2019-08-21 22:03:20,2,23.47377627052041
955.6,89.55,93.39,89.75,3853.0,0.265,15.3,15.5,13.6,1766.0,14.594,0.0,0.0,0.0,0.0,0.0,VQ-BGU,2019-08-22 03:44:49,2,22.34584233739297
923.7,84.35,92.58,84.4,3254.0,0.257,27.5,27.0,25.2,1323.0,14.958,0.0,0.0,1.0,0.0,0.0,VQ-BGU,2019-08-22 09:17:29,2,23.027695703555274
902.1,84.79,91.51,84.89,3372.0,0.279,16.0,20.0,13.8,950.0,15.181,0.0,0.0,0.0,0.0,0.0,VQ-BGU,2019-08-22 19:53:42,2,23.884967562553662
1008.6,92.71,95.15,92.91,4018.0,0.275,19.9,20.2,17.9,3363.0,13.842,0.0,0.0,0.0,0.0,0.0,VQ-BGU,2019-08-23 02:29:50,2,23.104912514305475
913.5,83.58,92.42,83.6,3163.0,0.252,29.5,31.0,27.4,947.0,15.045,0.0,0.0,0.0,0.0,0.0,VQ-BGU,2019-08-23 14:45:19,2,23.27528507280447
867.2,82.4,90.27,82.43,3197.0,0.271,12.9,20.7,10.8,1356.0,14.798,0.0,0.0,0.0,0.0,0.0,VQ-BGU,2019-08-23 22:45:15,2,23.30979232379788
895.1,83.39,91.64,83.42,2940.0,0.277,22.4,28.0,20.2,3897.0,13.526,0.0,0.0,0.0,0.0,0.0,VQ-BGU,2019-08-24 02:19:03,2,24.086706545658913
873.9,82.0,90.68,82.03,3054.0,0.249,18.3,19.5,16.3,1094.0,14.904,0.0,0.0,0.0,0.0,0.0,VQ-BGU,2019-08-24 06:04:20,2,24.404253218173757
951.9,86.24,93.6,86.32,3423.0,0.248,31.0,29.5,29.0,1260.0,14.838,0.0,0.0,0.0,0.0,0.0,VQ-BGU,2019-08-24 15:33:03,2,23.63480671896959
916.4,85.78,91.87,85.92,3457.0,0.27,15.6,18.7,13.5,1480.0,14.833,0.0,0.0,0.0,0.0,0.0,VQ-BGU,2019-08-24 22:15:29,2,23.371158388846432
949.2,88.39,93.42,88.58,3506.0,0.264,19.8,19.0,17.7,2770.0,14.062,0.0,0.0,0.0,0.0,0.0,VQ-BGU,2019-08-25 04:58:12,2,23.323510051612587
1018.2,93.45,95.75,93.66,4220.0,0.285,23.9,23.5,21.4,2576.0,14.444,0.0,0.0,0.0,0.0,0.0,VQ-BGU,2019-08-25 15:36:12,2,22.188096434075174
864.6,82.2,90.01,82.25,3165.0,0.256,11.6,15.2,9.2,1234.0,14.812,0.0,0.0,0.0,0.0,0.0,VQ-BGU,2019-08-26 03:54:00,2,23.26234463113653
906.0,82.91,92.22,82.92,3039.0,0.267,29.6,28.7,27.7,1522.0,14.742,0.0,0.0,0.0,0.0,0.0,VQ-BGU,2019-08-26 07:16:24,2,23.120724255438866
946.8,87.11,93.09,87.25,3565.0,0.255,21.9,20.7,19.9,1315.0,14.794,0.0,0.0,0.0,0.0,0.0,VQ-BGU,2019-08-26 12:17:13,2,23.503308553520675
922.2,87.19,92.32,87.39,3435.0,0.277,14.3,16.5,12.3,2512.0,14.191,0.0,0.0,0.0,0.0,0.0,VQ-BGU,2019-08-27 01:46:57,2,22.46186200410685
922.2,83.64,92.71,83.66,3152.0,0.267,30.5,28.0,28.7,1835.0,14.663,0.0,0.0,1.0,0.0,0.0,VQ-BGU,2019-08-27 13:44:40,2,23.342640201021393
893.7,83.2,91.17,83.25,3171.0,0.247,18.0,16.7,16.1,1186.0,14.868,0.0,0.0,0.0,0.0,0.0,VQ-BGU,2019-08-28 12:34:04,2,23.213587625237814
